	column_header	unit_column	PML_0001_2007_02_16	PML_0002_2007_03_07	PML_0003_2007_03_26	PML_0004_2007_04_23	PML_0005_2007_05_08	PML_0006_2007_06_04	PML_0007_2007_06_25	PML_0008_2007_07_30	PML_0009_2007_08_20	PML_0010_2007_09_29	PML_0011_2007_10_25	PML_0012_2007_12_12	PML_0013_2008_01_28	PML_0014_2008_01_28	PML_0015_2008_08_26	PML_0016_2008_08_26	PML_0017_2008_02_20	PML_0018_2008_03_05	PML_0019_2008_03_17	PML_0020_2008_04_21	PML_0021_2008_05_06	PML_0022_2008_06_02	PML_0023_2008_06_23	PML_0024_2008_07_21	PML_0025_2008_08_20	PML_0026_2008_09_22	PML_0027_2008_10_27	PML_0028_2008_12_08	PML_0029_2008_01_28	PML_0030_2008_01_28	PML_0031_2008_08_26	PML_0032_2008_08_26	PML_0033_2008_08_27	PML_0034_2008_08_27	PML_0035_2008_04_22	PML_0036_2008_04_22	PML_0037_2008_04_22	PML_0038_2008_01_28	PML_0039_2003_01_13	PML_0040_2003_03_31	PML_0041_2003_04_28	PML_0042_2003_05_26	PML_0043_2003_06_09	PML_0044_2003_07_07	PML_0045_2003_07_21	PML_0046_2003_08_04	PML_0047_2003_08_25	PML_0048_2003_09_29	PML_0049_2003_10_06	PML_0050_2003_12_08	PML_0051_2004_03_01	PML_0052_2004_03_15	PML_0053_2004_05_03	PML_0054_2004_05_31	PML_0055_2004_06_14	PML_0056_2004_06_21	PML_0057_2004_07_26	PML_0058_2004_08_23	PML_0059_2004_10_04	PML_0060_2004_10_25	PML_0061_2004_12_06	PML_0062_2004_12_20	PML_0063_2005_01_24	PML_0064_2005_02_28	PML_0065_2005_04_18	PML_0066_2005_05_04	PML_0067_2005_06_06	PML_0068_2005_06_20	PML_0069_2005_07_25	PML_0070_2005_08_15	PML_0071_2005_09_19	PML_0072_2005_10_17	PML_0073_2005_11_15	PML_0074_2005_12_05	PML_0075_2006_01_03	PML_0076_2006_03_06	PML_0077_2006_03_20	PML_0078_2006_04_11	PML_0079_2006_05_04	PML_0080_2006_06_06	PML_0081_2006_06_27	PML_0082_2006_07_17	PML_0083_2006_08_22	PML_0084_2006_09_12	PML_0085_2006_10_30	PML_0086_2006_12_12
	"INSDC name of field"	Units																																																																																						
Investigation																																																																																								
"Investigation type"	investigation_type		mimarks-survey	mimarks-survey	mimarks-survey	mimarks-survey	mimarks-survey	mimarks-survey	mimarks-survey	mimarks-survey	mimarks-survey	mimarks-survey	mimarks-survey	mimarks-survey	mimarks-survey	mimarks-survey	mimarks-survey	mimarks-survey	mimarks-survey	mimarks-survey	mimarks-survey	mimarks-survey	mimarks-survey	mimarks-survey	mimarks-survey	mimarks-survey	mimarks-survey	mimarks-survey	mimarks-survey	mimarks-survey	mimarks-survey	mimarks-survey	mimarks-survey	mimarks-survey	mimarks-survey	mimarks-survey	mimarks-survey	mimarks-survey	mimarks-survey	mimarks-survey	mimarks-survey	mimarks-survey	mimarks-survey	mimarks-survey	mimarks-survey	mimarks-survey	mimarks-survey	mimarks-survey	mimarks-survey	mimarks-survey	mimarks-survey	mimarks-survey	mimarks-survey	mimarks-survey	mimarks-survey	mimarks-survey	mimarks-survey	mimarks-survey	mimarks-survey	mimarks-survey	mimarks-survey	mimarks-survey	mimarks-survey	mimarks-survey	mimarks-survey	mimarks-survey	mimarks-survey	mimarks-survey	mimarks-survey	mimarks-survey	mimarks-survey	mimarks-survey	mimarks-survey	mimarks-survey	mimarks-survey	mimarks-survey	mimarks-survey	mimarks-survey	mimarks-survey	mimarks-survey	mimarks-survey	mimarks-survey	mimarks-survey	mimarks-survey	mimarks-survey	mimarks-survey	mimarks-survey	mimarks-survey
"Project name"	project_name		"Bacterial diversity study from the Western English Channel"	"Bacterial diversity study from the Western English Channel"	"Bacterial diversity study from the Western English Channel"	"Bacterial diversity study from the Western English Channel"	"Bacterial diversity study from the Western English Channel"	"Bacterial diversity study from the Western English Channel"	"Bacterial diversity study from the Western English Channel"	"Bacterial diversity study from the Western English Channel"	"Bacterial diversity study from the Western English Channel"	"Bacterial diversity study from the Western English Channel"	"Bacterial diversity study from the Western English Channel"	"Bacterial diversity study from the Western English Channel"	"Archaeal diversity study from the Western English Channel"	"Archaeal diversity study from the Western English Channel"	"Archaeal diversity study from the Western English Channel"	"Archeal diversity study from the Western English Channel"	"Bacterial diversity study from the Western English Channel"	"Bacterial diversity study from the Western English Channel"	"Bacterial diversity study from the Western English Channel"	"Bacterial diversity study from the Western English Channel"	"Bacterial diversity study from the Western English Channel"	"Bacterial diversity study from the Western English Channel"	"Bacterial diversity study from the Western English Channel"	"Bacterial diversity study from the Western English Channel"	"Bacterial diversity study from the Western English Channel"	"Bacterial diversity study from the Western English Channel"	"Bacterial diversity study from the Western English Channel"	"Bacterial diversity study from the Western English Channel"	"Bacterial diversity study from the Western English Channel"	"Bacterial diversity study from the Western English Channel"	"Bacterial diversity study from the Western English Channel"	"Bacterial diversity study from the Western English Channel"	"Bacterial diversity study from the Western English Channel"	"Bacterial diversity study from the Western English Channel"	"Bacterial diversity study from the Western English Channel"	"Bacterial diversity study from the Western English Channel"	"Bacterial diversity study from the Western English Channel"	"Bacterial diversity study from the Western English Channel"	"Bacterial diversity study from the Western English Channel"	"Bacterial diversity study from the Western English Channel"	"Bacterial diversity study from the Western English Channel"	"Bacterial diversity study from the Western English Channel"	"Bacterial diversity study from the Western English Channel"	"Bacterial diversity study from the Western English Channel"	"Bacterial diversity study from the Western English Channel"	"Bacterial diversity study from the Western English Channel"	"Bacterial diversity study from the Western English Channel"	"Bacterial diversity study from the Western English Channel"	"Bacterial diversity study from the Western English Channel"	"Bacterial diversity study from the Western English Channel"	"Bacterial diversity study from the Western English Channel"	"Bacterial diversity study from the Western English Channel"	"Bacterial diversity study from the Western English Channel"	"Bacterial diversity study from the Western English Channel"	"Bacterial diversity study from the Western English Channel"	"Bacterial diversity study from the Western English Channel"	"Bacterial diversity study from the Western English Channel"	"Bacterial diversity study from the Western English Channel"	"Bacterial diversity study from the Western English Channel"	"Bacterial diversity study from the Western English Channel"	"Bacterial diversity study from the Western English Channel"	"Bacterial diversity study from the Western English Channel"	"Bacterial diversity study from the Western English Channel"	"Bacterial diversity study from the Western English Channel"	"Bacterial diversity study from the Western English Channel"	"Bacterial diversity study from the Western English Channel"	"Bacterial diversity study from the Western English Channel"	"Bacterial diversity study from the Western English Channel"	"Bacterial diversity study from the Western English Channel"	"Bacterial diversity study from the Western English Channel"	"Bacterial diversity study from the Western English Channel"	"Bacterial diversity study from the Western English Channel"	"Bacterial diversity study from the Western English Channel"	"Bacterial diversity study from the Western English Channel"	"Bacterial diversity study from the Western English Channel"	"Bacterial diversity study from the Western English Channel"	"Bacterial diversity study from the Western English Channel"	"Bacterial diversity study from the Western English Channel"	"Bacterial diversity study from the Western English Channel"	"Bacterial diversity study from the Western English Channel"	"Bacterial diversity study from the Western English Channel"	"Bacterial diversity study from the Western English Channel"	"Bacterial diversity study from the Western English Channel"	"Bacterial diversity study from the Western English Channel"	"Bacterial diversity study from the Western English Channel"	"Bacterial diversity study from the Western English Channel"
"Experimental factor"	experimental_factor		Time	Time	Time	Time	Time	Time	Time	Time	Time	Time	Time	Time	Time	Time	Time	Time	Time	Time	Time	Time	Time	Time	Time	Time	Time	Time	Time	Time	Time	Time	Time	Time	Time	Time	Time	Time	Time	Time	Time	Time	Time	Time	Time	Time	Time	Time	Time	Time	Time	Time	Time	Time	Time	Time	Time	Time	Time	Time	Time	Time	Time	Time	Time	Time	Time	Time	Time	Time	Time	Time	Time	Time	Time	Time	Time	Time	Time	Time	Time	Time	Time	Time	Time	Time	Time	Time
Environment																																																																																								
"Collection date"	collection_date		"2007-02-16 T11:00"	"2007-03-07 T11:00"	"2007-03-26 T11:00"	"2007-04-23 T11:00"	"2007-05-08 T11:00"	"2007-06-04 T11:00"	"2007-06-25 T11:00"	"2007-07-30 T11:00"	"2007-08-20 T11:00"	"2007-09-29 T11:00"	"2007-10-25 T11:00"	"2007-12-12 T11:00"	"2008-01-28 T15:00"	"2008-01-28 T19:00"	"2008-08-26 T16:00"	"2008-08-26 T22:00"	"2008-02-20 T11:00"	"2008-03-05 T11:00"	"2008-03-17 T11:00"	"2008-04-21 T11:00"	"2008-05-06 T11:00"	"2008-06-02 T11:00"	"2008-06-23 T11:00"	"2008-07-21 T11:00"	"2008-08-20 T11:00"	"2008-09-22 T11:00"	"2008-10-27 T11:00"	"2008-12-08 T11:00"	"2008-01-28 T16:00"	"2008-01-28 T19:00"	"2008-08-26 T16:00"	"2008-08-26 T22:00"	"2008-08-27 T04:00"	"2008-08-27 T10:00"	"2008-04-22 T16:00"	"2008-04-22 T22:00"	"2008-04-22 T16:00"	"2008-01-28 T15:00"	"2003-01-13 T11:00"	"2003-03-31 T11:00"	"2003-04-28 T11:00"	"2003-05-26 T11:00"	"2003-06-09 T11:00"	"2003-07-07 T11:00"	"2003-07-21 T11:00"	"2003-08-04 T11:00"	"2003-08-25 T11:00"	"2003-09-29 T11:00"	"2003-10-06 T11:00"	"2003-12-08 T11:00"	"2004-03-01 T11:00"	"2004-03-15 T11:00"	"2004-05-03 T11:00"	"2004-05-31 T11:00"	"2004-06-14 T11:00"	"2004-06-21 T11:00"	"2004-07-26 T11:00"	"2004-08-23 T11:00"	"2004-10-04 T11:00"	"2004-10-25 T11:00"	"2004-12-06 T11:00"	"2004-12-20 T11:00"	"2005-01-24 T11:00"	"2005-02-28 T11:00"	"2005-04-18 T11:00"	"2005-05-04 T11:00"	"2005-06-06 T11:00"	"2005-06-20 T11:00"	"2005-07-25 T11:00"	"2005-08-15 T11:00"	"2005-09-19 T11:00"	"2005-10-17 T11:00"	"2005-11-15 T11:00"	"2005-12-05 T11:00"	"2006-01-03 T11:00"	"2006-03-06 T11:00"	"2006-03-20 T11:00"	"2006-04-11 T11:00"	"2006-05-04 T11:00"	"2006-06-06 T11:00"	"2006-06-27 T11:00"	"2006-07-17 T11:00"	"2006-08-22 T11:00"	"2006-09-12 T11:00"	"2006-10-30 T11:00"	"2006-12-12 T11:00"
"Geographic location (latitude and longitude)"	lat_lon		+50.2000-4.2160	+50.2000-4.2160	+50.2000-4.2160	+50.2000-4.2160	+50.2000-4.2160	+50.2000-4.2160	+50.2000-4.2160	+50.2000-4.2160	+50.2000-4.2160	+50.2000-4.2160	+50.2000-4.2160	+50.2000-4.2160	+50.2000-4.2160	+50.2000-4.2160	+50.2000-4.2160	+50.2000-4.2160	+50.2000-4.2160	+50.2000-4.2160	+50.2000-4.2160	+50.2000-4.2160	+50.2000-4.2160	+50.2000-4.2160	+50.2000-4.2160	+50.2000-4.2160	+50.2000-4.2160	+50.2000-4.2160	+50.2000-4.2160	+50.2000-4.2160	+50.2000-4.2160	+50.2000-4.2160	+50.2000-4.2160	+50.2000-4.2160	+50.2000-4.2160	+50.2000-4.2160	+50.2000-4.2160	+50.2000-4.2160	+50.2000-4.2160	+50.2000-4.2160	+50.2000-4.2160	+50.2000-4.2160	+50.2000-4.2160	+50.2000-4.2160	+50.2000-4.2160	+50.2000-4.2160	+50.2000-4.2160	+50.2000-4.2160	+50.2000-4.2160	+50.2000-4.2160	+50.2000-4.2160	+50.2000-4.2160	+50.2000-4.2160	+50.2000-4.2160	+50.2000-4.2160	+50.2000-4.2160	+50.2000-4.2160	+50.2000-4.2160	+50.2000-4.2160	+50.2000-4.2160	+50.2000-4.2160	+50.2000-4.2160	+50.2000-4.2160	+50.2000-4.2160	+50.2000-4.2160	+50.2000-4.2160	+50.2000-4.2160	+50.2000-4.2160	+50.2000-4.2160	+50.2000-4.2160	+50.2000-4.2160	+50.2000-4.2160	+50.2000-4.2160	+50.2000-4.2160	+50.2000-4.2160	+50.2000-4.2160	+50.2000-4.2160	+50.2000-4.2160	+50.2000-4.2160	+50.2000-4.2160	+50.2000-4.2160	+50.2000-4.2160	+50.2000-4.2160	+50.2000-4.2160	+50.2000-4.2160	+50.2000-4.2160	+50.2000-4.2160	+50.2000-4.2160
	geo_loc_name		"United Kingdom"	"United Kingdom"	"United Kingdom"	"United Kingdom"	"United Kingdom"	"United Kingdom"	"United Kingdom"	"United Kingdom"	"United Kingdom"	"United Kingdom"	"United Kingdom"	"United Kingdom"	"United Kingdom"	"United Kingdom"	"United Kingdom"	"United Kingdom"	"United Kingdom"	"United Kingdom"	"United Kingdom"	"United Kingdom"	"United Kingdom"	"United Kingdom"	"United Kingdom"	"United Kingdom"	"United Kingdom"	"United Kingdom"	"United Kingdom"	"United Kingdom"	"United Kingdom"	"United Kingdom"	"United Kingdom"	"United Kingdom"	"United Kingdom"	"United Kingdom"	"United Kingdom"	"United Kingdom"	"United Kingdom"	"United Kingdom"	"United Kingdom"	"United Kingdom"	"United Kingdom"	"United Kingdom"	"United Kingdom"	"United Kingdom"	"United Kingdom"	"United Kingdom"	"United Kingdom"	"United Kingdom"	"United Kingdom"	"United Kingdom"	"United Kingdom"	"United Kingdom"	"United Kingdom"	"United Kingdom"	"United Kingdom"	"United Kingdom"	"United Kingdom"	"United Kingdom"	"United Kingdom"	"United Kingdom"	"United Kingdom"	"United Kingdom"	"United Kingdom"	"United Kingdom"	"United Kingdom"	"United Kingdom"	"United Kingdom"	"United Kingdom"	"United Kingdom"	"United Kingdom"	"United Kingdom"	"United Kingdom"	"United Kingdom"	"United Kingdom"	"United Kingdom"	"United Kingdom"	"United Kingdom"	"United Kingdom"	"United Kingdom"	"United Kingdom"	"United Kingdom"	"United Kingdom"	"United Kingdom"	"United Kingdom"	"United Kingdom"	"United Kingdom"
"Environment (biome)"	biome		"neritic epipelagic zone biome"	"neritic epipelagic zone biome"	"neritic epipelagic zone biome"	"neritic epipelagic zone biome"	"neritic epipelagic zone biome"	"neritic epipelagic zone biome"	"neritic epipelagic zone biome"	"neritic epipelagic zone biome"	"neritic epipelagic zone biome"	"neritic epipelagic zone biome"	"neritic epipelagic zone biome"	"neritic epipelagic zone biome"	"neritic epipelagic zone biome"	"neritic epipelagic zone biome"	"neritic epipelagic zone biome"	"neritic epipelagic zone biome"	"neritic epipelagic zone biome"	"neritic epipelagic zone biome"	"neritic epipelagic zone biome"	"neritic epipelagic zone biome"	"neritic epipelagic zone biome"	"neritic epipelagic zone biome"	"neritic epipelagic zone biome"	"neritic epipelagic zone biome"	"neritic epipelagic zone biome"	"neritic epipelagic zone biome"	"neritic epipelagic zone biome"	"neritic epipelagic zone biome"	"neritic epipelagic zone biome"	"neritic epipelagic zone biome"	"neritic epipelagic zone biome"	"neritic epipelagic zone biome"	"neritic epipelagic zone biome"	"neritic epipelagic zone biome"	"neritic epipelagic zone biome"	"neritic epipelagic zone biome"	"neritic epipelagic zone biome"	"neritic epipelagic zone biome"	"neritic epipelagic zone biome"	"neritic epipelagic zone biome"	"neritic epipelagic zone biome"	"neritic epipelagic zone biome"	"neritic epipelagic zone biome"	"neritic epipelagic zone biome"	"neritic epipelagic zone biome"	"neritic epipelagic zone biome"	"neritic epipelagic zone biome"	"neritic epipelagic zone biome"	"neritic epipelagic zone biome"	"neritic epipelagic zone biome"	"neritic epipelagic zone biome"	"neritic epipelagic zone biome"	"neritic epipelagic zone biome"	"neritic epipelagic zone biome"	"neritic epipelagic zone biome"	"neritic epipelagic zone biome"	"neritic epipelagic zone biome"	"neritic epipelagic zone biome"	"neritic epipelagic zone biome"	"neritic epipelagic zone biome"	"neritic epipelagic zone biome"	"neritic epipelagic zone biome"	"neritic epipelagic zone biome"	"neritic epipelagic zone biome"	"neritic epipelagic zone biome"	"neritic epipelagic zone biome"	"neritic epipelagic zone biome"	"neritic epipelagic zone biome"	"neritic epipelagic zone biome"	"neritic epipelagic zone biome"	"neritic epipelagic zone biome"	"neritic epipelagic zone biome"	"neritic epipelagic zone biome"	"neritic epipelagic zone biome"	"neritic epipelagic zone biome"	"neritic epipelagic zone biome"	"neritic epipelagic zone biome"	"neritic epipelagic zone biome"	"neritic epipelagic zone biome"	"neritic epipelagic zone biome"	"neritic epipelagic zone biome"	"neritic epipelagic zone biome"	"neritic epipelagic zone biome"	"neritic epipelagic zone biome"	"neritic epipelagic zone biome"	"neritic epipelagic zone biome"
"Environment (feature)"	feature		"marine wind mixed layer"	"marine wind mixed layer"	"marine wind mixed layer"	"marine wind mixed layer"	"marine wind mixed layer"	"marine wind mixed layer"	"marine wind mixed layer"	"marine wind mixed layer"	"marine wind mixed layer"	"marine wind mixed layer"	"marine wind mixed layer"	"marine wind mixed layer"	"marine wind mixed layer"	"marine wind mixed layer"	"marine wind mixed layer"	"marine wind mixed layer"	"marine wind mixed layer"	"marine wind mixed layer"	"marine wind mixed layer"	"marine wind mixed layer"	"marine wind mixed layer"	"marine wind mixed layer"	"marine wind mixed layer"	"marine wind mixed layer"	"marine wind mixed layer"	"marine wind mixed layer"	"marine wind mixed layer"	"marine wind mixed layer"	"marine wind mixed layer"	"marine wind mixed layer"	"marine wind mixed layer"	"marine wind mixed layer"	"marine wind mixed layer"	"marine wind mixed layer"	"marine wind mixed layer"	"marine wind mixed layer"	"marine wind mixed layer"	"marine wind mixed layer"	"marine wind mixed layer"	"marine wind mixed layer"	"marine wind mixed layer"	"marine wind mixed layer"	"marine wind mixed layer"	"marine wind mixed layer"	"marine wind mixed layer"	"marine wind mixed layer"	"marine wind mixed layer"	"marine wind mixed layer"	"marine wind mixed layer"	"marine wind mixed layer"	"marine wind mixed layer"	"marine wind mixed layer"	"marine wind mixed layer"	"marine wind mixed layer"	"marine wind mixed layer"	"marine wind mixed layer"	"marine wind mixed layer"	"marine wind mixed layer"	"marine wind mixed layer"	"marine wind mixed layer"	"marine wind mixed layer"	"marine wind mixed layer"	"marine wind mixed layer"	"marine wind mixed layer"	"marine wind mixed layer"	"marine wind mixed layer"	"marine wind mixed layer"	"marine wind mixed layer"	"marine wind mixed layer"	"marine wind mixed layer"	"marine wind mixed layer"	"marine wind mixed layer"	"marine wind mixed layer"	"marine wind mixed layer"	"marine wind mixed layer"	"marine wind mixed layer"	"marine wind mixed layer"	"marine wind mixed layer"	"marine wind mixed layer"	"marine wind mixed layer"	"marine wind mixed layer"	"marine wind mixed layer"	"marine wind mixed layer"	"marine wind mixed layer"	"marine wind mixed layer"	"marine wind mixed layer"
"Environment (material)"	material		"coastal water"	"coastal water"	"coastal water"	"coastal water"	"coastal water"	"coastal water"	"coastal water"	"coastal water"	"coastal water"	"coastal water"	"coastal water"	"coastal water"	"coastal water"	"coastal water"	"coastal water"	"coastal water"	"coastal water"	"coastal water"	"coastal water"	"coastal water"	"coastal water"	"coastal water"	"coastal water"	"coastal water"	"coastal water"	"coastal water"	"coastal water"	"coastal water"	"coastal water"	"coastal water"	"coastal water"	"coastal water"	"coastal water"	"coastal water"	"coastal water"	"coastal water"	"coastal water"	"coastal water"	"coastal water"	"coastal water"	"coastal water"	"coastal water"	"coastal water"	"coastal water"	"coastal water"	"coastal water"	"coastal water"	"coastal water"	"coastal water"	"coastal water"	"coastal water"	"coastal water"	"coastal water"	"coastal water"	"coastal water"	"coastal water"	"coastal water"	"coastal water"	"coastal water"	"coastal water"	"coastal water"	"coastal water"	"coastal water"	"coastal water"	"coastal water"	"coastal water"	"coastal water"	"coastal water"	"coastal water"	"coastal water"	"coastal water"	"coastal water"	"coastal water"	"coastal water"	"coastal water"	"coastal water"	"coastal water"	"coastal water"	"coastal water"	"coastal water"	"coastal water"	"coastal water"	"coastal water"	"coastal water"	"coastal water"	"coastal water"
"MIGS/MIMS/MIMARKS Extension "																																																																																								
"Environmental package"	env_package		water	water	water	water	water	water	water	water	water	water	water	water	water	water	water	water	water	water	water	water	water	water	water	water	water	water	water	water	water	water	water	water	water	water	water	water	water	water	water	water	water	water	water	water	water	water	water	water	water	water	water	water	water	water	water	water	water	water	water	water	water	water	water	water	water	water	water	water	water	water	water	water	water	water	water	water	water	water	water	water	water	water	water	water	water	water
depth	depth	meter	0	0	0	0	0	0	0	0	0	0	0	0	0	0	0	0	0	0	0	0	0	0	0	0	0	0	0	0	0	0	0	0	0	0	0	0	0	0	0	0	0	0	0	0	0	0	0	0	0	0	0	0	0	0	0	0	0	0	0	0	0	0	0	0	0	0	0	0	0	0	0	0	0	0	0	0	0	0	0	0	0	0	0	0	0	0
Ammonium	ammonium	"micromole per liter "	0.14	0.42	0.21	0.03	0.23	0.32	0.09	0.8	0.26	0.11	0.23	0.35	0	0	0.063	0.1	0.06	0.06	0.5	0.01	0.001	0	0.04	0.01	0.23	0.12	0.08	0.1	0	0	0.06	0.1	0.14	0.05	0.54	0.25	0.54	0	0.03	0.18	0.24	0.29	0.34	0.28	0.27	0.22	0.42	0.55	0.63	0	0	0	0	0	0	0	0	0	0	0	0.65	0.07	0.19	0.03	0.36	0.14	0.09	0.09	0.29	0.13	0	0	0.12	0.13	0.25	0.46	0.69	0.48	0.37	0.57	0.53	0.26	0.39	1.24	0.79	0.22
"Chlorophyll "	chlorophyll	"micromole per liter "	0.44	1	0.64	2.53	1.24	1.39	1.58	2.22	1.68		0.48	0.46	0.81	0.85	9.24	8.17	0.65	0.75	0.97	1.02	1.57	0.62	1.89	3.43	2.23	1.97	0.91	0.42	0.81	0.85	9.24	8.17	9.8	11.91	2.2	1.32	2.2	0.81	0.74	1.34	4.76	2.11	0.41	1.68	2.09	3.6	0.73	1.76	1.09	0.75	0.76	0.72	1.41	0.8	0.3	0.73	0.21	2.95	1.91	0.84	0.96	0.53	0.63	0.63	3.01	2.35	1.43	0.64	2.97	0.94	1.56	0.73	1.32	0.73	1.59	2.19	0.98	2.74	3.08	1.23	0.9	1.05	1.98	2.38	2.02	0.6
"Density "	density	"kilogram per square meter"	1027.061	1027.021	1026.878	1026.778	1026.597	1026.368	1025.9734	1025.911	1025.826	1025.9578	1026.024	1026.5163					1027.1315	1026.5012	1027.1115	1022.2052	1016.8414	1025.8767	1026.0235	1026.1197	1025.4053	1026.4376	1026.1438	1026.7756																																																										
"Nitrate "	nitrate	"micromole per liter "	5.29	7.41	5.96	1.52	0.05	0.6	0.06	0.05	1.96	1.62	3.49	7.98	10.925	10.15	0.08	0.1	7.13	7.78	6.7	4.44	0.04	0	0.02	0.01	0.1	2.1	4.2	6.44	10.9	10.02	0.08	0.1	0.9	0.09	4.02	3.75	4.02	10.9	12.21	3.29	1.05	0.05	0.05	0.04	0.04	0.06	0.13	3.41	1.86	6.13	6.91	8.12	0.13	0.17	0.45	0.08	0.03	1.96	6.07	10.32	14.93	6.85	9.5	8.73	5.53	0.53	0.55	0.39	0.11	0.36	0.89	3.05	9.71	6.05	7.38	6.89	5.8	0.3	0.32	0.27	0.43	0.16	0.54	0.2	7.19	5.2
"Organic carbon "	org_carb	"micromole per liter "	27.53916666666667	29.074166666666667	25.4325	23.1675	27.515	47.2575	47.6125	39.1825	18.920833333333334	30.02416666666667	15.766666666666666	12.42	33.184995167943335	38.1681126721125	26.760822664289748	26.481761900260167	22.5	9.75	14.25	23.166666666666668	25.5	16.166666666666668	20.789166666666667	21.9025	40.86666666666667	12.105	24.19333333333333	41.571666666666665	33.184995167943335	38.1681126721125	26.760822664289748	26.481761900260167	22.015439163943167	23.670919090835415	27.246770156926416	19.412786473859665	27.246770156926416	33.184995167943335																																																
"Organic nitrogen "	org_nitro	"micromole per liter "	2.0485714285714285	2.9235714285714285	2.6614285714285715	3.0357142857142856	3.112142857142857	4.149285714285715	4.4192857142857145	3.7478571428571428	1.93	2.5564285714285715	1.4828571428571429	1.1707142857142858	1.3309478664315573	3.4525638937476573	2.8368271606688142	2.3293127152637	2.5714285714285716	1.4285714285714286	2.4285714285714284	2.7142857142857144	2.642857142857143	2.642857142857143	1.0357142857142858	1.33	2.34	0.9414285714285714	2.0785714285714287	2.8314285714285714	1.3309478664315573	3.4525638937476573	2.8368271606688142	2.3293127152637	3.017542367676307	4.1445910639283	2.8973608199786143	2.772987246626207	2.8973608199786143	1.3309478664315573																																																
"Organism count "	organism_count	"Bacterial cells per milliliter"	600488	367988	636623	695579	1807617	2186260	1267173	726718	1506686	1163297	418713	623614					329522	364345.10113339144	635815.457887233	650971.4285714286	1110828.5714285714	1025862.7515606282	878974.5089270356	1347393.9120340513	901371.4285714286	1157657.1428571427																																																												
"Oxygenation status of sample"	oxy_stat_samp		Aerobic	Aerobic	Aerobic	Aerobic	Aerobic	Aerobic	Aerobic	Aerobic	Aerobic	Aerobic	Aerobic	Aerobic	Aerobic	Aerobic	Aerobic	Aerobic	Aerobic	Aerobic	Aerobic	Aerobic	Aerobic	Aerobic	Aerobic	Aerobic	Aerobic	Aerobic	Aerobic	Aerobic	Aerobic	Aerobic	Aerobic	Aerobic	Aerobic	Aerobic	Aerobic	Aerobic	Aerobic	Aerobic	Aerobic	Aerobic	Aerobic	Aerobic	Aerobic	Aerobic	Aerobic	Aerobic	Aerobic	Aerobic	Aerobic	Aerobic	Aerobic	Aerobic	Aerobic	Aerobic	Aerobic	Aerobic	Aerobic	Aerobic	Aerobic	Aerobic	Aerobic	Aerobic	Aerobic	Aerobic	Aerobic	Aerobic	Aerobic	Aerobic	Aerobic	Aerobic	Aerobic	Aerobic	Aerobic	Aerobic	Aerobic	Aerobic	Aerobic	Aerobic	Aerobic	Aerobic	Aerobic	Aerobic	Aerobic	Aerobic	Aerobic	Aerobic
"Phosphate "	phosphate	"micromole per liter "	0.51	0.49	0.39	0.12	0.04	0.03	0.03	0.03	0.13	0.16	0.25	0.44	0.53	0.525	0.023	0.04	0.52	0.45	0.41	0.35	0.02	0.11	0.19	0.01	0.03	0.1	0.22	0.48	0.53	0.52	0.03	0.06	0.08	0.1	0.4	0.32	0.4	0.53	0.73	0.69	0.54	0.14	0.17	0.1	0.18	0.05	0.41	1.04	0.53	0.51	0.43	0.45	0.07	0.12	0.21	0.14	0.05	0.15	0.14	0.26	0.52	0.48	0.55	0.53	0.35	0.35	0.43	0.34	0.21	0.36	0.04	0.15	0.38	0.38	0.32	0.58	0.48	0.2	0.13	0.15	0.16	0.13	0.34	0.2	0.38	0.39
"Salinity "	salinity	"practical salinity units"	35.146	35.1373	34.9524	35.1831	35.1074	35.2208	35.0447	35.0654	34.9462	35.2504	35.1636	35.3807	34.1504	34.2784	34.17	34.1156	35.1544	34.3075	35.082	28.8429	22.3134	34.7249	34.8573	35.1257	34.361	35.1918	35.0179	35.0404	33.3	34.2	32.1	33	33.3	33.2	35.12	35	35.12	33.3	34.58	35.24	35.04	34.92	34.85	35.04	34.92	34.94	35	35.07	35.1	35.21	35.3	35.1	35.24	35.26	35.28	35.23	35.18	35.04	34.99	34.99	34.13	35.1	35.14	35.11	35.17	34.72	35.05	34.82	35.15	35.12	35.24	35.31	34.73	34.79	35.13	35.04	35.14	34.01	35.13	35.22	35.13	35.35	35.25	35.34	34.89	34.38
"Silicate "	silicate	"micromole per liter "	4.13	5.47	4.22	1.66		1.01	0.32	0.93	2.88	2.33	2.65	4.63	6.045	5.76	0.116	0.226	3.83	4.85	4.38	2.9	0.6	0.31	0.2	0.1	0.15	3	3.74	4.35	6.01	5.75	0.12	0.22	0.33	0.15	2.6	2.7	2.6	6.01	5.26	5.02	8.03	0.58	0.46	0.75	0.31	7.05	2.67	5.23	2.28	3.9	3.44	4.13	0.81	0.46	1.07	0.94	0.22	9.65	4.27	10.3	7.66	4.35	5.13	4.68	7.42	1.68	5.49	4.23	0.78	2	1.25	4.65	5.29	4.33	4.32	3.44	3.07	0.37	0.23	0.18	0.29	0.52	2.91	2.45	9.47	4.57
"Temperature "	temp	"degree Celcius"	10	10.2735	10.2665	11.8024	12.4338	13.9921	15.1902	15.5412	15.5109	15.9623	15.371	13.8769	10.2936	10.5777	15.9355	15.8145	9.6667	9.4759	9.4475	9.6972	11.4888	14.4819	14.284	14.809	15.3661	14.6221	14.312	11.222	10.1	10.05	15.9	15.8	15.7	15.8	9.7	9.6	9.7	10.1	9.31	9.27	9.55	12.25	14.19	16.56	16.52	15.84	17.7	16.08	15.2	12.04	9.16	9.02	12	12.24	15.6	13.62	16.52	16.03	14.03	13.54	11.58	11.83	10.55	8.61	9.93	10.93	13	13.73	14.79	16.33	16.48	15.22	13.35	11.74	10.61	7.54	7.42	8.49	9.99	13.52	14.79	17.74	15.93	17.23	15.16	11.55
"Total depth of water column "	tot_depth_water_col	meter	49	49	49	49	49	49	49	49	49	49	49	49	49	49	49	49	49	49	49	49	49	49	49	49	49	49	49	49	49	49	49	49	49	49	49	49	49	49	49	49	49	49	49	49	49	49	49	49	49	49	49	49	49	49	49	49	49	49	49	49	49	49	49	49	49	49	49	49	49	49	49	49	49	49	49	49	49	49	49	49	49	49	49	49	49	49
"Nucleic Acid Sequence Source"																																																																																								
"Relationship to oxygen"	rel_to_oxygen		Aerobic	Aerobic	Aerobic	Aerobic	Aerobic	Aerobic	Aerobic	Aerobic	Aerobic	Aerobic	Aerobic	Aerobic	Aerobic	Aerobic	Aerobic	Aerobic	Aerobic	Aerobic	Aerobic	Aerobic	Aerobic	Aerobic	Aerobic	Aerobic	Aerobic	Aerobic	Aerobic	Aerobic	Aerobic	Aerobic	Aerobic	Aerobic	Aerobic	Aerobic	Aerobic	Aerobic	Aerobic	Aerobic	Aerobic	Aerobic	Aerobic	Aerobic	Aerobic	Aerobic	Aerobic	Aerobic	Aerobic	Aerobic	Aerobic	Aerobic	Aerobic	Aerobic	Aerobic	Aerobic	Aerobic	Aerobic	Aerobic	Aerobic	Aerobic	Aerobic	Aerobic	Aerobic	Aerobic	Aerobic	Aerobic	Aerobic	Aerobic	Aerobic	Aerobic	Aerobic	Aerobic	Aerobic	Aerobic	Aerobic	Aerobic	Aerobic	Aerobic	Aerobic	Aerobic	Aerobic	Aerobic	Aerobic	Aerobic	Aerobic	Aerobic	Aerobic
"Sample collection device or method"	samp_collect_device		"Niskin Bottle"	"Niskin Bottle"	"Niskin Bottle"	"Niskin Bottle"	"Niskin Bottle"	"Niskin Bottle"	"Niskin Bottle"	"Niskin Bottle"	"Niskin Bottle"	"Niskin Bottle"	"Niskin Bottle"	"Niskin Bottle"	"Niskin Bottle"	"Niskin Bottle"	"Niskin Bottle"	"Niskin Bottle"	"Niskin Bottle"	"Niskin Bottle"	"Niskin Bottle"	"Niskin Bottle"	"Niskin Bottle"	"Niskin Bottle"	"Niskin Bottle"	"Niskin Bottle"	"Niskin Bottle"	"Niskin Bottle"	"Niskin Bottle"	"Niskin Bottle"	"Niskin Bottle"	"Niskin Bottle"	"Niskin Bottle"	"Niskin Bottle"	"Niskin Bottle"	"Niskin Bottle"	"Niskin Bottle"	"Niskin Bottle"	"Niskin Bottle"	"Niskin Bottle"	"Niskin Bottle"	"Niskin Bottle"	"Niskin Bottle"	"Niskin Bottle"	"Niskin Bottle"	"Niskin Bottle"	"Niskin Bottle"	"Niskin Bottle"	"Niskin Bottle"	"Niskin Bottle"	"Niskin Bottle"	"Niskin Bottle"	"Niskin Bottle"	"Niskin Bottle"	"Niskin Bottle"	"Niskin Bottle"	"Niskin Bottle"	"Niskin Bottle"	"Niskin Bottle"	"Niskin Bottle"	"Niskin Bottle"	"Niskin Bottle"	"Niskin Bottle"	"Niskin Bottle"	"Niskin Bottle"	"Niskin Bottle"	"Niskin Bottle"	"Niskin Bottle"	"Niskin Bottle"	"Niskin Bottle"	"Niskin Bottle"	"Niskin Bottle"	"Niskin Bottle"	"Niskin Bottle"	"Niskin Bottle"	"Niskin Bottle"	"Niskin Bottle"	"Niskin Bottle"	"Niskin Bottle"	"Niskin Bottle"	"Niskin Bottle"	"Niskin Bottle"	"Niskin Bottle"	"Niskin Bottle"	"Niskin Bottle"	"Niskin Bottle"	"Niskin Bottle"	"Niskin Bottle"
"Sample material processing"	samp_mat_process		"filtering on to a 0.22 um Sterivex cartridge"	"filtering on to a 0.22 um Sterivex cartridge"	"filtering on to a 0.22 um Sterivex cartridge"	"filtering on to a 0.22 um Sterivex cartridge"	"filtering on to a 0.22 um Sterivex cartridge"	"filtering on to a 0.22 um Sterivex cartridge"	"filtering on to a 0.22 um Sterivex cartridge"	"filtering on to a 0.22 um Sterivex cartridge"	"filtering on to a 0.22 um Sterivex cartridge"	"filtering on to a 0.22 um Sterivex cartridge"	"filtering on to a 0.22 um Sterivex cartridge"	"filtering on to a 0.22 um Sterivex cartridge"	"filtering on to a 0.22 um Sterivex cartridge"	"filtering on to a 0.22 um Sterivex cartridge"	"filtering on to a 0.22 um Sterivex cartridge"	"filtering on to a 0.22 um Sterivex cartridge"	"filtering on to a 0.22 um Sterivex cartridge"	"filtering on to a 0.22 um Sterivex cartridge"	"filtering on to a 0.22 um Sterivex cartridge"	"filtering on to a 0.22 um Sterivex cartridge"	"filtering on to a 0.22 um Sterivex cartridge"	"filtering on to a 0.22 um Sterivex cartridge"	"filtering on to a 0.22 um Sterivex cartridge"	"filtering on to a 0.22 um Sterivex cartridge"	"filtering on to a 0.22 um Sterivex cartridge"	"filtering on to a 0.22 um Sterivex cartridge"	"filtering on to a 0.22 um Sterivex cartridge"	"filtering on to a 0.22 um Sterivex cartridge"	"filtering on to a 0.22 um Sterivex cartridge"	"filtering on to a 0.22 um Sterivex cartridge"	"filtering on to a 0.22 um Sterivex cartridge"	"filtering on to a 0.22 um Sterivex cartridge"	"filtering on to a 0.22 um Sterivex cartridge"	"filtering on to a 0.22 um Sterivex cartridge"	"filtering on to a 0.22 um Sterivex cartridge"	"filtering on to a 0.22 um Sterivex cartridge"	"filtering on to a 0.22 um Sterivex cartridge"	"filtering on to a 0.22 um Sterivex cartridge"	"filtering on to a 0.22 um Sterivex cartridge"	"filtering on to a 0.22 um Sterivex cartridge"	"filtering on to a 0.22 um Sterivex cartridge"	"filtering on to a 0.22 um Sterivex cartridge"	"filtering on to a 0.22 um Sterivex cartridge"	"filtering on to a 0.22 um Sterivex cartridge"	"filtering on to a 0.22 um Sterivex cartridge"	"filtering on to a 0.22 um Sterivex cartridge"	"filtering on to a 0.22 um Sterivex cartridge"	"filtering on to a 0.22 um Sterivex cartridge"	"filtering on to a 0.22 um Sterivex cartridge"	"filtering on to a 0.22 um Sterivex cartridge"	"filtering on to a 0.22 um Sterivex cartridge"	"filtering on to a 0.22 um Sterivex cartridge"	"filtering on to a 0.22 um Sterivex cartridge"	"filtering on to a 0.22 um Sterivex cartridge"	"filtering on to a 0.22 um Sterivex cartridge"	"filtering on to a 0.22 um Sterivex cartridge"	"filtering on to a 0.22 um Sterivex cartridge"	"filtering on to a 0.22 um Sterivex cartridge"	"filtering on to a 0.22 um Sterivex cartridge"	"filtering on to a 0.22 um Sterivex cartridge"	"filtering on to a 0.22 um Sterivex cartridge"	"filtering on to a 0.22 um Sterivex cartridge"	"filtering on to a 0.22 um Sterivex cartridge"	"filtering on to a 0.22 um Sterivex cartridge"	"filtering on to a 0.22 um Sterivex cartridge"	"filtering on to a 0.22 um Sterivex cartridge"	"filtering on to a 0.22 um Sterivex cartridge"	"filtering on to a 0.22 um Sterivex cartridge"	"filtering on to a 0.22 um Sterivex cartridge"	"filtering on to a 0.22 um Sterivex cartridge"	"filtering on to a 0.22 um Sterivex cartridge"	"filtering on to a 0.22 um Sterivex cartridge"	"filtering on to a 0.22 um Sterivex cartridge"	"filtering on to a 0.22 um Sterivex cartridge"	"filtering on to a 0.22 um Sterivex cartridge"	"filtering on to a 0.22 um Sterivex cartridge"	"filtering on to a 0.22 um Sterivex cartridge"	"filtering on to a 0.22 um Sterivex cartridge"	"filtering on to a 0.22 um Sterivex cartridge"	"filtering on to a 0.22 um Sterivex cartridge"	"filtering on to a 0.22 um Sterivex cartridge"	"filtering on to a 0.22 um Sterivex cartridge"	"filtering on to a 0.22 um Sterivex cartridge"	"filtering on to a 0.22 um Sterivex cartridge"	"filtering on to a 0.22 um Sterivex cartridge"	"filtering on to a 0.22 um Sterivex cartridge"
"Amount or size of sample collected"	samp_size	liter	2	2	2	2	2	2	2	2	2	2	2	2	2	2	2	2	2	2	2	2	2	2	2	2	2	2	2	2	2	2	2	2	2	2	2	2	2	2	2	2	2	2	2	2	2	2	2	2	2	2	2	2	2	2	2	2	2	2	2	2	2	2	2	2	2	2	2	2	2	2	2	2	2	2	2	2	2	2	2	2	2	2	2	2	2	2
Sequencing																																																																																								
"Nucleic acid extraction"	nucl_acid_ext		doi:10.1371/journal.pone.0003042	doi:10.1371/journal.pone.0003043	doi:10.1371/journal.pone.0003044	doi:10.1371/journal.pone.0003045	doi:10.1371/journal.pone.0003046	doi:10.1371/journal.pone.0003047	doi:10.1371/journal.pone.0003048	doi:10.1371/journal.pone.0003049	doi:10.1371/journal.pone.0003050	doi:10.1371/journal.pone.0003051	doi:10.1371/journal.pone.0003052	doi:10.1371/journal.pone.0003053	doi:10.1371/journal.pone.0003054	doi:10.1371/journal.pone.0003055	doi:10.1371/journal.pone.0003056	doi:10.1371/journal.pone.0003057	doi:10.1371/journal.pone.0003058	doi:10.1371/journal.pone.0003059	doi:10.1371/journal.pone.0003060	doi:10.1371/journal.pone.0003061	doi:10.1371/journal.pone.0003062	doi:10.1371/journal.pone.0003063	doi:10.1371/journal.pone.0003064	doi:10.1371/journal.pone.0003065	doi:10.1371/journal.pone.0003066	doi:10.1371/journal.pone.0003067	doi:10.1371/journal.pone.0003068	doi:10.1371/journal.pone.0003069	doi:10.1371/journal.pone.0003070	doi:10.1371/journal.pone.0003071	doi:10.1371/journal.pone.0003072	doi:10.1371/journal.pone.0003073	doi:10.1371/journal.pone.0003074	doi:10.1371/journal.pone.0003075	doi:10.1371/journal.pone.0003076	doi:10.1371/journal.pone.0003077	doi:10.1371/journal.pone.0003078	doi:10.1371/journal.pone.0003079	doi:10.1371/journal.pone.0003080	doi:10.1371/journal.pone.0003081	doi:10.1371/journal.pone.0003082	doi:10.1371/journal.pone.0003083	doi:10.1371/journal.pone.0003084	doi:10.1371/journal.pone.0003085	doi:10.1371/journal.pone.0003086	doi:10.1371/journal.pone.0003087	doi:10.1371/journal.pone.0003088	doi:10.1371/journal.pone.0003089	doi:10.1371/journal.pone.0003090	doi:10.1371/journal.pone.0003091	doi:10.1371/journal.pone.0003092	doi:10.1371/journal.pone.0003093	doi:10.1371/journal.pone.0003094	doi:10.1371/journal.pone.0003095	doi:10.1371/journal.pone.0003096	doi:10.1371/journal.pone.0003097	doi:10.1371/journal.pone.0003098	doi:10.1371/journal.pone.0003099	doi:10.1371/journal.pone.0003100	doi:10.1371/journal.pone.0003101	doi:10.1371/journal.pone.0003102	doi:10.1371/journal.pone.0003103	doi:10.1371/journal.pone.0003104	doi:10.1371/journal.pone.0003105	doi:10.1371/journal.pone.0003106	doi:10.1371/journal.pone.0003107	doi:10.1371/journal.pone.0003108	doi:10.1371/journal.pone.0003109	doi:10.1371/journal.pone.0003110	doi:10.1371/journal.pone.0003111	doi:10.1371/journal.pone.0003112	doi:10.1371/journal.pone.0003113	doi:10.1371/journal.pone.0003114	doi:10.1371/journal.pone.0003115	doi:10.1371/journal.pone.0003116	doi:10.1371/journal.pone.0003117	doi:10.1371/journal.pone.0003118	doi:10.1371/journal.pone.0003119	doi:10.1371/journal.pone.0003120	doi:10.1371/journal.pone.0003121	doi:10.1371/journal.pone.0003122	doi:10.1371/journal.pone.0003123	doi:10.1371/journal.pone.0003124	doi:10.1371/journal.pone.0003125	doi:10.1371/journal.pone.0003126	doi:10.1371/journal.pone.0003127
"Nucleic acid amplification"	nucl_acid_amp		PCR;doi:10.1111/j.1462-2920.2009.02017.x	PCR;doi:10.1111/j.1462-2920.2009.02017.x	PCR;doi:10.1111/j.1462-2920.2009.02017.x	PCR;doi:10.1111/j.1462-2920.2009.02017.x	PCR;doi:10.1111/j.1462-2920.2009.02017.x	PCR;doi:10.1111/j.1462-2920.2009.02017.x	PCR;doi:10.1111/j.1462-2920.2009.02017.x	PCR;doi:10.1111/j.1462-2920.2009.02017.x	PCR;doi:10.1111/j.1462-2920.2009.02017.x	PCR;doi:10.1111/j.1462-2920.2009.02017.x	PCR;doi:10.1111/j.1462-2920.2009.02017.x	PCR;doi:10.1111/j.1462-2920.2009.02017.x	PCR;doi:10.1111/j.1462-2920.2009.02017.x	PCR;doi:10.1111/j.1462-2920.2009.02017.x	PCR;doi:10.1111/j.1462-2920.2009.02017.x	PCR;doi:10.1111/j.1462-2920.2009.02017.x	PCR;doi:10.1111/j.1462-2920.2009.02017.x	PCR;doi:10.1111/j.1462-2920.2009.02017.x	PCR;doi:10.1111/j.1462-2920.2009.02017.x	PCR;doi:10.1111/j.1462-2920.2009.02017.x	PCR;doi:10.1111/j.1462-2920.2009.02017.x	PCR;doi:10.1111/j.1462-2920.2009.02017.x	PCR;doi:10.1111/j.1462-2920.2009.02017.x	PCR;doi:10.1111/j.1462-2920.2009.02017.x	PCR;doi:10.1111/j.1462-2920.2009.02017.x	PCR;doi:10.1111/j.1462-2920.2009.02017.x	PCR;doi:10.1111/j.1462-2920.2009.02017.x	PCR;doi:10.1111/j.1462-2920.2009.02017.x	PCR;doi:10.1111/j.1462-2920.2009.02017.x	PCR;doi:10.1111/j.1462-2920.2009.02017.x	PCR;doi:10.1111/j.1462-2920.2009.02017.x	PCR;doi:10.1111/j.1462-2920.2009.02017.x	PCR;doi:10.1111/j.1462-2920.2009.02017.x	PCR;doi:10.1111/j.1462-2920.2009.02017.x	PCR;doi:10.1111/j.1462-2920.2009.02017.x	PCR;doi:10.1111/j.1462-2920.2009.02017.x	PCR;doi:10.1111/j.1462-2920.2009.02017.x	PCR;doi:10.1111/j.1462-2920.2009.02017.x	PCR;doi:10.1111/j.1462-2920.2009.02017.x	PCR;doi:10.1111/j.1462-2920.2009.02017.x	PCR;doi:10.1111/j.1462-2920.2009.02017.x	PCR;doi:10.1111/j.1462-2920.2009.02017.x	PCR;doi:10.1111/j.1462-2920.2009.02017.x	PCR;doi:10.1111/j.1462-2920.2009.02017.x	PCR;doi:10.1111/j.1462-2920.2009.02017.x	PCR;doi:10.1111/j.1462-2920.2009.02017.x	PCR;doi:10.1111/j.1462-2920.2009.02017.x	PCR;doi:10.1111/j.1462-2920.2009.02017.x	PCR;doi:10.1111/j.1462-2920.2009.02017.x	PCR;doi:10.1111/j.1462-2920.2009.02017.x	PCR;doi:10.1111/j.1462-2920.2009.02017.x	PCR;doi:10.1111/j.1462-2920.2009.02017.x	PCR;doi:10.1111/j.1462-2920.2009.02017.x	PCR;doi:10.1111/j.1462-2920.2009.02017.x	PCR;doi:10.1111/j.1462-2920.2009.02017.x	PCR;doi:10.1111/j.1462-2920.2009.02017.x	PCR;doi:10.1111/j.1462-2920.2009.02017.x	PCR;doi:10.1111/j.1462-2920.2009.02017.x	PCR;doi:10.1111/j.1462-2920.2009.02017.x	PCR;doi:10.1111/j.1462-2920.2009.02017.x	PCR;doi:10.1111/j.1462-2920.2009.02017.x	PCR;doi:10.1111/j.1462-2920.2009.02017.x	PCR;doi:10.1111/j.1462-2920.2009.02017.x	PCR;doi:10.1111/j.1462-2920.2009.02017.x	PCR;doi:10.1111/j.1462-2920.2009.02017.x	PCR;doi:10.1111/j.1462-2920.2009.02017.x	PCR;doi:10.1111/j.1462-2920.2009.02017.x	PCR;doi:10.1111/j.1462-2920.2009.02017.x	PCR;doi:10.1111/j.1462-2920.2009.02017.x	PCR;doi:10.1111/j.1462-2920.2009.02017.x	PCR;doi:10.1111/j.1462-2920.2009.02017.x	PCR;doi:10.1111/j.1462-2920.2009.02017.x	PCR;doi:10.1111/j.1462-2920.2009.02017.x	PCR;doi:10.1111/j.1462-2920.2009.02017.x	PCR;doi:10.1111/j.1462-2920.2009.02017.x	PCR;doi:10.1111/j.1462-2920.2009.02017.x	PCR;doi:10.1111/j.1462-2920.2009.02017.x	PCR;doi:10.1111/j.1462-2920.2009.02017.x	PCR;doi:10.1111/j.1462-2920.2009.02017.x	PCR;doi:10.1111/j.1462-2920.2009.02017.x	PCR;doi:10.1111/j.1462-2920.2009.02017.x	PCR;doi:10.1111/j.1462-2920.2009.02017.x	PCR;doi:10.1111/j.1462-2920.2009.02017.x	PCR;doi:10.1111/j.1462-2920.2009.02017.x	PCR;doi:10.1111/j.1462-2920.2009.02017.x	PCR;doi:10.1111/j.1462-2920.2009.02017.x
"Library reads sequenced"	lib_reads_seqd		17339	11812	11327	15275	15119	14397	16321	15724	14910	16686	14541	16011	57030	25075	17822	27882	7416	8375	7770	6047	14574	6109	6949	8749	18670	8847	20873	7064	6251	6448	7070	6963	10631	10427	7521	6424	10913	21496	12267	5608	7822	9028	10224	11330	9690	11995	10750	15887	19354	15586	17308	5995	14786	17324	6954	5398	9882	4892	10745	13142	19297	6019	26041	10527	10815	10174	7368	23917	6915	6391	10211	21603	17173	10174	37321	11852	15082	10457	7233	19596	5944	5176	10253	23999	13669	12106
"Target gene"	target_gene		"16S rRNA"	"16S rRNA"	"16S rRNA"	"16S rRNA"	"16S rRNA"	"16S rRNA"	"16S rRNA"	"16S rRNA"	"16S rRNA"	"16S rRNA"	"16S rRNA"	"16S rRNA"	"16S rRNA"	"16S rRNA"	"16S rRNA"	"16S rRNA"	"16S rRNA"	"16S rRNA"	"16S rRNA"	"16S rRNA"	"16S rRNA"	"16S rRNA"	"16S rRNA"	"16S rRNA"	"16S rRNA"	"16S rRNA"	"16S rRNA"	"16S rRNA"	"16S rRNA"	"16S rRNA"	"16S rRNA"	"16S rRNA"	"16S rRNA"	"16S rRNA"	"16S rRNA"	"16S rRNA"	"16S rRNA"	"16S rRNA"	"16S rRNA"	"16S rRNA"	"16S rRNA"	"16S rRNA"	"16S rRNA"	"16S rRNA"	"16S rRNA"	"16S rRNA"	"16S rRNA"	"16S rRNA"	"16S rRNA"	"16S rRNA"	"16S rRNA"	"16S rRNA"	"16S rRNA"	"16S rRNA"	"16S rRNA"	"16S rRNA"	"16S rRNA"	"16S rRNA"	"16S rRNA"	"16S rRNA"	"16S rRNA"	"16S rRNA"	"16S rRNA"	"16S rRNA"	"16S rRNA"	"16S rRNA"	"16S rRNA"	"16S rRNA"	"16S rRNA"	"16S rRNA"	"16S rRNA"	"16S rRNA"	"16S rRNA"	"16S rRNA"	"16S rRNA"	"16S rRNA"	"16S rRNA"	"16S rRNA"	"16S rRNA"	"16S rRNA"	"16S rRNA"	"16S rRNA"	"16S rRNA"	"16S rRNA"	"16S rRNA"	"16S rRNA"
Subfragment	subfragment		V6	V6	V6	V6	V6	V6	V6	V6	V6	V6	V6	V6	V6	V6	V6	V6	V6	V6	V6	V6	V6	V6	V6	V6	V6	V6	V6	V6	V6	V6	V6	V6	V6	V6	V6	V6	V6	V6	V6	V6	V6	V6	V6	V6	V6	V6	V6	V6	V6	V6	V6	V6	V6	V6	V6	V6	V6	V6	V6	V6	V6	V6	V6	V6	V6	V6	V6	V6	V6	V6	V6	V6	V6	V6	V6	V6	V6	V6	V6	V6	V6	V6	V6	V6	V6	V6
"PCR primers"	pcr_primers		"FWD:967F-PP 5’-CNACGCGAAGAACCTTANC-3’;967F-UC1 5’-CAACGCGAAAAACCTTACC-3’;967F-UC2 5’-CAACGCGCAGAACCTTACC-3’;967F-UC3 5’-ATACGCGARGAACCTTACC-3’;967F-AQ 5’-CTAACCGANGAACCTYACC-3’ REV:1046R 5’-CGACAGCCATGCANCACCT-3’;1046R-PP 5’-CGACAACCATGCANCACCT-3’;1046R-AQ1 5’-CGACGGCCATGCANCACCT-3’;1046R-AQ2 5’-CGACGACCATGCANCACCT-3’"	"967F-PP 5’-CNACGCGAAGAACCTTANC-3’; 967F-UC1 5’-CAACGCGAAAAACCTTACC-3’; 967F-UC2 5’-CAACGCGCAGAACCTTACC-3’; 967F-UC3 5’-ATACGCGARGAACCTTACC-3’; 967F-AQ 5’-CTAACCGANGAACCTYACC-3’; 1046R 5’-CGACAGCCATGCANCACCT-3’; 1046R-PP 5’-CGACAACCATGCANCACCT-3’; 1046R-AQ1 5’-CGACGGCCATGCANCACCT-3’; 1046R-AQ2 5’-CGACGACCATGCANCACCT-3’"	"967F-PP 5’-CNACGCGAAGAACCTTANC-3’; 967F-UC1 5’-CAACGCGAAAAACCTTACC-3’; 967F-UC2 5’-CAACGCGCAGAACCTTACC-3’; 967F-UC3 5’-ATACGCGARGAACCTTACC-3’; 967F-AQ 5’-CTAACCGANGAACCTYACC-3’; 1046R 5’-CGACAGCCATGCANCACCT-3’; 1046R-PP 5’-CGACAACCATGCANCACCT-3’; 1046R-AQ1 5’-CGACGGCCATGCANCACCT-3’; 1046R-AQ2 5’-CGACGACCATGCANCACCT-3’"	"967F-PP 5’-CNACGCGAAGAACCTTANC-3’; 967F-UC1 5’-CAACGCGAAAAACCTTACC-3’; 967F-UC2 5’-CAACGCGCAGAACCTTACC-3’; 967F-UC3 5’-ATACGCGARGAACCTTACC-3’; 967F-AQ 5’-CTAACCGANGAACCTYACC-3’; 1046R 5’-CGACAGCCATGCANCACCT-3’; 1046R-PP 5’-CGACAACCATGCANCACCT-3’; 1046R-AQ1 5’-CGACGGCCATGCANCACCT-3’; 1046R-AQ2 5’-CGACGACCATGCANCACCT-3’"	"967F-PP 5’-CNACGCGAAGAACCTTANC-3’; 967F-UC1 5’-CAACGCGAAAAACCTTACC-3’; 967F-UC2 5’-CAACGCGCAGAACCTTACC-3’; 967F-UC3 5’-ATACGCGARGAACCTTACC-3’; 967F-AQ 5’-CTAACCGANGAACCTYACC-3’; 1046R 5’-CGACAGCCATGCANCACCT-3’; 1046R-PP 5’-CGACAACCATGCANCACCT-3’; 1046R-AQ1 5’-CGACGGCCATGCANCACCT-3’; 1046R-AQ2 5’-CGACGACCATGCANCACCT-3’"	"967F-PP 5’-CNACGCGAAGAACCTTANC-3’; 967F-UC1 5’-CAACGCGAAAAACCTTACC-3’; 967F-UC2 5’-CAACGCGCAGAACCTTACC-3’; 967F-UC3 5’-ATACGCGARGAACCTTACC-3’; 967F-AQ 5’-CTAACCGANGAACCTYACC-3’; 1046R 5’-CGACAGCCATGCANCACCT-3’; 1046R-PP 5’-CGACAACCATGCANCACCT-3’; 1046R-AQ1 5’-CGACGGCCATGCANCACCT-3’; 1046R-AQ2 5’-CGACGACCATGCANCACCT-3’"	"967F-PP 5’-CNACGCGAAGAACCTTANC-3’; 967F-UC1 5’-CAACGCGAAAAACCTTACC-3’; 967F-UC2 5’-CAACGCGCAGAACCTTACC-3’; 967F-UC3 5’-ATACGCGARGAACCTTACC-3’; 967F-AQ 5’-CTAACCGANGAACCTYACC-3’; 1046R 5’-CGACAGCCATGCANCACCT-3’; 1046R-PP 5’-CGACAACCATGCANCACCT-3’; 1046R-AQ1 5’-CGACGGCCATGCANCACCT-3’; 1046R-AQ2 5’-CGACGACCATGCANCACCT-3’"	"967F-PP 5’-CNACGCGAAGAACCTTANC-3’; 967F-UC1 5’-CAACGCGAAAAACCTTACC-3’; 967F-UC2 5’-CAACGCGCAGAACCTTACC-3’; 967F-UC3 5’-ATACGCGARGAACCTTACC-3’; 967F-AQ 5’-CTAACCGANGAACCTYACC-3’; 1046R 5’-CGACAGCCATGCANCACCT-3’; 1046R-PP 5’-CGACAACCATGCANCACCT-3’; 1046R-AQ1 5’-CGACGGCCATGCANCACCT-3’; 1046R-AQ2 5’-CGACGACCATGCANCACCT-3’"	"967F-PP 5’-CNACGCGAAGAACCTTANC-3’; 967F-UC1 5’-CAACGCGAAAAACCTTACC-3’; 967F-UC2 5’-CAACGCGCAGAACCTTACC-3’; 967F-UC3 5’-ATACGCGARGAACCTTACC-3’; 967F-AQ 5’-CTAACCGANGAACCTYACC-3’; 1046R 5’-CGACAGCCATGCANCACCT-3’; 1046R-PP 5’-CGACAACCATGCANCACCT-3’; 1046R-AQ1 5’-CGACGGCCATGCANCACCT-3’; 1046R-AQ2 5’-CGACGACCATGCANCACCT-3’"	"967F-PP 5’-CNACGCGAAGAACCTTANC-3’; 967F-UC1 5’-CAACGCGAAAAACCTTACC-3’; 967F-UC2 5’-CAACGCGCAGAACCTTACC-3’; 967F-UC3 5’-ATACGCGARGAACCTTACC-3’; 967F-AQ 5’-CTAACCGANGAACCTYACC-3’; 1046R 5’-CGACAGCCATGCANCACCT-3’; 1046R-PP 5’-CGACAACCATGCANCACCT-3’; 1046R-AQ1 5’-CGACGGCCATGCANCACCT-3’; 1046R-AQ2 5’-CGACGACCATGCANCACCT-3’"	"967F-PP 5’-CNACGCGAAGAACCTTANC-3’; 967F-UC1 5’-CAACGCGAAAAACCTTACC-3’; 967F-UC2 5’-CAACGCGCAGAACCTTACC-3’; 967F-UC3 5’-ATACGCGARGAACCTTACC-3’; 967F-AQ 5’-CTAACCGANGAACCTYACC-3’; 1046R 5’-CGACAGCCATGCANCACCT-3’; 1046R-PP 5’-CGACAACCATGCANCACCT-3’; 1046R-AQ1 5’-CGACGGCCATGCANCACCT-3’; 1046R-AQ2 5’-CGACGACCATGCANCACCT-3’"	"967F-PP 5’-CNACGCGAAGAACCTTANC-3’; 967F-UC1 5’-CAACGCGAAAAACCTTACC-3’; 967F-UC2 5’-CAACGCGCAGAACCTTACC-3’; 967F-UC3 5’-ATACGCGARGAACCTTACC-3’; 967F-AQ 5’-CTAACCGANGAACCTYACC-3’; 1046R 5’-CGACAGCCATGCANCACCT-3’; 1046R-PP 5’-CGACAACCATGCANCACCT-3’; 1046R-AQ1 5’-CGACGGCCATGCANCACCT-3’; 1046R-AQ2 5’-CGACGACCATGCANCACCT-3’"	"967F-PP 5’-CNACGCGAAGAACCTTANC-3’; 967F-UC1 5’-CAACGCGAAAAACCTTACC-3’; 967F-UC2 5’-CAACGCGCAGAACCTTACC-3’; 967F-UC3 5’-ATACGCGARGAACCTTACC-3’; 967F-AQ 5’-CTAACCGANGAACCTYACC-3’; 1046R 5’-CGACAGCCATGCANCACCT-3’; 1046R-PP 5’-CGACAACCATGCANCACCT-3’; 1046R-AQ1 5’-CGACGGCCATGCANCACCT-3’; 1046R-AQ2 5’-CGACGACCATGCANCACCT-3’"	"967F-PP 5’-CNACGCGAAGAACCTTANC-3’; 967F-UC1 5’-CAACGCGAAAAACCTTACC-3’; 967F-UC2 5’-CAACGCGCAGAACCTTACC-3’; 967F-UC3 5’-ATACGCGARGAACCTTACC-3’; 967F-AQ 5’-CTAACCGANGAACCTYACC-3’; 1046R 5’-CGACAGCCATGCANCACCT-3’; 1046R-PP 5’-CGACAACCATGCANCACCT-3’; 1046R-AQ1 5’-CGACGGCCATGCANCACCT-3’; 1046R-AQ2 5’-CGACGACCATGCANCACCT-3’"	"967F-PP 5’-CNACGCGAAGAACCTTANC-3’; 967F-UC1 5’-CAACGCGAAAAACCTTACC-3’; 967F-UC2 5’-CAACGCGCAGAACCTTACC-3’; 967F-UC3 5’-ATACGCGARGAACCTTACC-3’; 967F-AQ 5’-CTAACCGANGAACCTYACC-3’; 1046R 5’-CGACAGCCATGCANCACCT-3’; 1046R-PP 5’-CGACAACCATGCANCACCT-3’; 1046R-AQ1 5’-CGACGGCCATGCANCACCT-3’; 1046R-AQ2 5’-CGACGACCATGCANCACCT-3’"	"967F-PP 5’-CNACGCGAAGAACCTTANC-3’; 967F-UC1 5’-CAACGCGAAAAACCTTACC-3’; 967F-UC2 5’-CAACGCGCAGAACCTTACC-3’; 967F-UC3 5’-ATACGCGARGAACCTTACC-3’; 967F-AQ 5’-CTAACCGANGAACCTYACC-3’; 1046R 5’-CGACAGCCATGCANCACCT-3’; 1046R-PP 5’-CGACAACCATGCANCACCT-3’; 1046R-AQ1 5’-CGACGGCCATGCANCACCT-3’; 1046R-AQ2 5’-CGACGACCATGCANCACCT-3’"	"967F-PP 5’-CNACGCGAAGAACCTTANC-3’; 967F-UC1 5’-CAACGCGAAAAACCTTACC-3’; 967F-UC2 5’-CAACGCGCAGAACCTTACC-3’; 967F-UC3 5’-ATACGCGARGAACCTTACC-3’; 967F-AQ 5’-CTAACCGANGAACCTYACC-3’; 1046R 5’-CGACAGCCATGCANCACCT-3’; 1046R-PP 5’-CGACAACCATGCANCACCT-3’; 1046R-AQ1 5’-CGACGGCCATGCANCACCT-3’; 1046R-AQ2 5’-CGACGACCATGCANCACCT-3’"	"967F-PP 5’-CNACGCGAAGAACCTTANC-3’; 967F-UC1 5’-CAACGCGAAAAACCTTACC-3’; 967F-UC2 5’-CAACGCGCAGAACCTTACC-3’; 967F-UC3 5’-ATACGCGARGAACCTTACC-3’; 967F-AQ 5’-CTAACCGANGAACCTYACC-3’; 1046R 5’-CGACAGCCATGCANCACCT-3’; 1046R-PP 5’-CGACAACCATGCANCACCT-3’; 1046R-AQ1 5’-CGACGGCCATGCANCACCT-3’; 1046R-AQ2 5’-CGACGACCATGCANCACCT-3’"	"967F-PP 5’-CNACGCGAAGAACCTTANC-3’; 967F-UC1 5’-CAACGCGAAAAACCTTACC-3’; 967F-UC2 5’-CAACGCGCAGAACCTTACC-3’; 967F-UC3 5’-ATACGCGARGAACCTTACC-3’; 967F-AQ 5’-CTAACCGANGAACCTYACC-3’; 1046R 5’-CGACAGCCATGCANCACCT-3’; 1046R-PP 5’-CGACAACCATGCANCACCT-3’; 1046R-AQ1 5’-CGACGGCCATGCANCACCT-3’; 1046R-AQ2 5’-CGACGACCATGCANCACCT-3’"	"967F-PP 5’-CNACGCGAAGAACCTTANC-3’; 967F-UC1 5’-CAACGCGAAAAACCTTACC-3’; 967F-UC2 5’-CAACGCGCAGAACCTTACC-3’; 967F-UC3 5’-ATACGCGARGAACCTTACC-3’; 967F-AQ 5’-CTAACCGANGAACCTYACC-3’; 1046R 5’-CGACAGCCATGCANCACCT-3’; 1046R-PP 5’-CGACAACCATGCANCACCT-3’; 1046R-AQ1 5’-CGACGGCCATGCANCACCT-3’; 1046R-AQ2 5’-CGACGACCATGCANCACCT-3’"	"967F-PP 5’-CNACGCGAAGAACCTTANC-3’; 967F-UC1 5’-CAACGCGAAAAACCTTACC-3’; 967F-UC2 5’-CAACGCGCAGAACCTTACC-3’; 967F-UC3 5’-ATACGCGARGAACCTTACC-3’; 967F-AQ 5’-CTAACCGANGAACCTYACC-3’; 1046R 5’-CGACAGCCATGCANCACCT-3’; 1046R-PP 5’-CGACAACCATGCANCACCT-3’; 1046R-AQ1 5’-CGACGGCCATGCANCACCT-3’; 1046R-AQ2 5’-CGACGACCATGCANCACCT-3’"	"967F-PP 5’-CNACGCGAAGAACCTTANC-3’; 967F-UC1 5’-CAACGCGAAAAACCTTACC-3’; 967F-UC2 5’-CAACGCGCAGAACCTTACC-3’; 967F-UC3 5’-ATACGCGARGAACCTTACC-3’; 967F-AQ 5’-CTAACCGANGAACCTYACC-3’; 1046R 5’-CGACAGCCATGCANCACCT-3’; 1046R-PP 5’-CGACAACCATGCANCACCT-3’; 1046R-AQ1 5’-CGACGGCCATGCANCACCT-3’; 1046R-AQ2 5’-CGACGACCATGCANCACCT-3’"	"967F-PP 5’-CNACGCGAAGAACCTTANC-3’; 967F-UC1 5’-CAACGCGAAAAACCTTACC-3’; 967F-UC2 5’-CAACGCGCAGAACCTTACC-3’; 967F-UC3 5’-ATACGCGARGAACCTTACC-3’; 967F-AQ 5’-CTAACCGANGAACCTYACC-3’; 1046R 5’-CGACAGCCATGCANCACCT-3’; 1046R-PP 5’-CGACAACCATGCANCACCT-3’; 1046R-AQ1 5’-CGACGGCCATGCANCACCT-3’; 1046R-AQ2 5’-CGACGACCATGCANCACCT-3’"	"967F-PP 5’-CNACGCGAAGAACCTTANC-3’; 967F-UC1 5’-CAACGCGAAAAACCTTACC-3’; 967F-UC2 5’-CAACGCGCAGAACCTTACC-3’; 967F-UC3 5’-ATACGCGARGAACCTTACC-3’; 967F-AQ 5’-CTAACCGANGAACCTYACC-3’; 1046R 5’-CGACAGCCATGCANCACCT-3’; 1046R-PP 5’-CGACAACCATGCANCACCT-3’; 1046R-AQ1 5’-CGACGGCCATGCANCACCT-3’; 1046R-AQ2 5’-CGACGACCATGCANCACCT-3’"	"967F-PP 5’-CNACGCGAAGAACCTTANC-3’; 967F-UC1 5’-CAACGCGAAAAACCTTACC-3’; 967F-UC2 5’-CAACGCGCAGAACCTTACC-3’; 967F-UC3 5’-ATACGCGARGAACCTTACC-3’; 967F-AQ 5’-CTAACCGANGAACCTYACC-3’; 1046R 5’-CGACAGCCATGCANCACCT-3’; 1046R-PP 5’-CGACAACCATGCANCACCT-3’; 1046R-AQ1 5’-CGACGGCCATGCANCACCT-3’; 1046R-AQ2 5’-CGACGACCATGCANCACCT-3’"	"967F-PP 5’-CNACGCGAAGAACCTTANC-3’; 967F-UC1 5’-CAACGCGAAAAACCTTACC-3’; 967F-UC2 5’-CAACGCGCAGAACCTTACC-3’; 967F-UC3 5’-ATACGCGARGAACCTTACC-3’; 967F-AQ 5’-CTAACCGANGAACCTYACC-3’; 1046R 5’-CGACAGCCATGCANCACCT-3’; 1046R-PP 5’-CGACAACCATGCANCACCT-3’; 1046R-AQ1 5’-CGACGGCCATGCANCACCT-3’; 1046R-AQ2 5’-CGACGACCATGCANCACCT-3’"	"967F-PP 5’-CNACGCGAAGAACCTTANC-3’; 967F-UC1 5’-CAACGCGAAAAACCTTACC-3’; 967F-UC2 5’-CAACGCGCAGAACCTTACC-3’; 967F-UC3 5’-ATACGCGARGAACCTTACC-3’; 967F-AQ 5’-CTAACCGANGAACCTYACC-3’; 1046R 5’-CGACAGCCATGCANCACCT-3’; 1046R-PP 5’-CGACAACCATGCANCACCT-3’; 1046R-AQ1 5’-CGACGGCCATGCANCACCT-3’; 1046R-AQ2 5’-CGACGACCATGCANCACCT-3’"	"967F-PP 5’-CNACGCGAAGAACCTTANC-3’; 967F-UC1 5’-CAACGCGAAAAACCTTACC-3’; 967F-UC2 5’-CAACGCGCAGAACCTTACC-3’; 967F-UC3 5’-ATACGCGARGAACCTTACC-3’; 967F-AQ 5’-CTAACCGANGAACCTYACC-3’; 1046R 5’-CGACAGCCATGCANCACCT-3’; 1046R-PP 5’-CGACAACCATGCANCACCT-3’; 1046R-AQ1 5’-CGACGGCCATGCANCACCT-3’; 1046R-AQ2 5’-CGACGACCATGCANCACCT-3’"	"967F-PP 5’-CNACGCGAAGAACCTTANC-3’; 967F-UC1 5’-CAACGCGAAAAACCTTACC-3’; 967F-UC2 5’-CAACGCGCAGAACCTTACC-3’; 967F-UC3 5’-ATACGCGARGAACCTTACC-3’; 967F-AQ 5’-CTAACCGANGAACCTYACC-3’; 1046R 5’-CGACAGCCATGCANCACCT-3’; 1046R-PP 5’-CGACAACCATGCANCACCT-3’; 1046R-AQ1 5’-CGACGGCCATGCANCACCT-3’; 1046R-AQ2 5’-CGACGACCATGCANCACCT-3’"	"967F-PP 5’-CNACGCGAAGAACCTTANC-3’; 967F-UC1 5’-CAACGCGAAAAACCTTACC-3’; 967F-UC2 5’-CAACGCGCAGAACCTTACC-3’; 967F-UC3 5’-ATACGCGARGAACCTTACC-3’; 967F-AQ 5’-CTAACCGANGAACCTYACC-3’; 1046R 5’-CGACAGCCATGCANCACCT-3’; 1046R-PP 5’-CGACAACCATGCANCACCT-3’; 1046R-AQ1 5’-CGACGGCCATGCANCACCT-3’; 1046R-AQ2 5’-CGACGACCATGCANCACCT-3’"	"967F-PP 5’-CNACGCGAAGAACCTTANC-3’; 967F-UC1 5’-CAACGCGAAAAACCTTACC-3’; 967F-UC2 5’-CAACGCGCAGAACCTTACC-3’; 967F-UC3 5’-ATACGCGARGAACCTTACC-3’; 967F-AQ 5’-CTAACCGANGAACCTYACC-3’; 1046R 5’-CGACAGCCATGCANCACCT-3’; 1046R-PP 5’-CGACAACCATGCANCACCT-3’; 1046R-AQ1 5’-CGACGGCCATGCANCACCT-3’; 1046R-AQ2 5’-CGACGACCATGCANCACCT-3’"	"967F-PP 5’-CNACGCGAAGAACCTTANC-3’; 967F-UC1 5’-CAACGCGAAAAACCTTACC-3’; 967F-UC2 5’-CAACGCGCAGAACCTTACC-3’; 967F-UC3 5’-ATACGCGARGAACCTTACC-3’; 967F-AQ 5’-CTAACCGANGAACCTYACC-3’; 1046R 5’-CGACAGCCATGCANCACCT-3’; 1046R-PP 5’-CGACAACCATGCANCACCT-3’; 1046R-AQ1 5’-CGACGGCCATGCANCACCT-3’; 1046R-AQ2 5’-CGACGACCATGCANCACCT-3’"	"967F-PP 5’-CNACGCGAAGAACCTTANC-3’; 967F-UC1 5’-CAACGCGAAAAACCTTACC-3’; 967F-UC2 5’-CAACGCGCAGAACCTTACC-3’; 967F-UC3 5’-ATACGCGARGAACCTTACC-3’; 967F-AQ 5’-CTAACCGANGAACCTYACC-3’; 1046R 5’-CGACAGCCATGCANCACCT-3’; 1046R-PP 5’-CGACAACCATGCANCACCT-3’; 1046R-AQ1 5’-CGACGGCCATGCANCACCT-3’; 1046R-AQ2 5’-CGACGACCATGCANCACCT-3’"	"967F-PP 5’-CNACGCGAAGAACCTTANC-3’; 967F-UC1 5’-CAACGCGAAAAACCTTACC-3’; 967F-UC2 5’-CAACGCGCAGAACCTTACC-3’; 967F-UC3 5’-ATACGCGARGAACCTTACC-3’; 967F-AQ 5’-CTAACCGANGAACCTYACC-3’; 1046R 5’-CGACAGCCATGCANCACCT-3’; 1046R-PP 5’-CGACAACCATGCANCACCT-3’; 1046R-AQ1 5’-CGACGGCCATGCANCACCT-3’; 1046R-AQ2 5’-CGACGACCATGCANCACCT-3’"	"967F-PP 5’-CNACGCGAAGAACCTTANC-3’; 967F-UC1 5’-CAACGCGAAAAACCTTACC-3’; 967F-UC2 5’-CAACGCGCAGAACCTTACC-3’; 967F-UC3 5’-ATACGCGARGAACCTTACC-3’; 967F-AQ 5’-CTAACCGANGAACCTYACC-3’; 1046R 5’-CGACAGCCATGCANCACCT-3’; 1046R-PP 5’-CGACAACCATGCANCACCT-3’; 1046R-AQ1 5’-CGACGGCCATGCANCACCT-3’; 1046R-AQ2 5’-CGACGACCATGCANCACCT-3’"	"967F-PP 5’-CNACGCGAAGAACCTTANC-3’; 967F-UC1 5’-CAACGCGAAAAACCTTACC-3’; 967F-UC2 5’-CAACGCGCAGAACCTTACC-3’; 967F-UC3 5’-ATACGCGARGAACCTTACC-3’; 967F-AQ 5’-CTAACCGANGAACCTYACC-3’; 1046R 5’-CGACAGCCATGCANCACCT-3’; 1046R-PP 5’-CGACAACCATGCANCACCT-3’; 1046R-AQ1 5’-CGACGGCCATGCANCACCT-3’; 1046R-AQ2 5’-CGACGACCATGCANCACCT-3’"	"967F-PP 5’-CNACGCGAAGAACCTTANC-3’; 967F-UC1 5’-CAACGCGAAAAACCTTACC-3’; 967F-UC2 5’-CAACGCGCAGAACCTTACC-3’; 967F-UC3 5’-ATACGCGARGAACCTTACC-3’; 967F-AQ 5’-CTAACCGANGAACCTYACC-3’; 1046R 5’-CGACAGCCATGCANCACCT-3’; 1046R-PP 5’-CGACAACCATGCANCACCT-3’; 1046R-AQ1 5’-CGACGGCCATGCANCACCT-3’; 1046R-AQ2 5’-CGACGACCATGCANCACCT-3’"	"967F-PP 5’-CNACGCGAAGAACCTTANC-3’; 967F-UC1 5’-CAACGCGAAAAACCTTACC-3’; 967F-UC2 5’-CAACGCGCAGAACCTTACC-3’; 967F-UC3 5’-ATACGCGARGAACCTTACC-3’; 967F-AQ 5’-CTAACCGANGAACCTYACC-3’; 1046R 5’-CGACAGCCATGCANCACCT-3’; 1046R-PP 5’-CGACAACCATGCANCACCT-3’; 1046R-AQ1 5’-CGACGGCCATGCANCACCT-3’; 1046R-AQ2 5’-CGACGACCATGCANCACCT-3’"	"967F-PP 5’-CNACGCGAAGAACCTTANC-3’; 967F-UC1 5’-CAACGCGAAAAACCTTACC-3’; 967F-UC2 5’-CAACGCGCAGAACCTTACC-3’; 967F-UC3 5’-ATACGCGARGAACCTTACC-3’; 967F-AQ 5’-CTAACCGANGAACCTYACC-3’; 1046R 5’-CGACAGCCATGCANCACCT-3’; 1046R-PP 5’-CGACAACCATGCANCACCT-3’; 1046R-AQ1 5’-CGACGGCCATGCANCACCT-3’; 1046R-AQ2 5’-CGACGACCATGCANCACCT-3’"	"967F-PP 5’-CNACGCGAAGAACCTTANC-3’; 967F-UC1 5’-CAACGCGAAAAACCTTACC-3’; 967F-UC2 5’-CAACGCGCAGAACCTTACC-3’; 967F-UC3 5’-ATACGCGARGAACCTTACC-3’; 967F-AQ 5’-CTAACCGANGAACCTYACC-3’; 1046R 5’-CGACAGCCATGCANCACCT-3’; 1046R-PP 5’-CGACAACCATGCANCACCT-3’; 1046R-AQ1 5’-CGACGGCCATGCANCACCT-3’; 1046R-AQ2 5’-CGACGACCATGCANCACCT-3’"	"967F-PP 5’-CNACGCGAAGAACCTTANC-3’; 967F-UC1 5’-CAACGCGAAAAACCTTACC-3’; 967F-UC2 5’-CAACGCGCAGAACCTTACC-3’; 967F-UC3 5’-ATACGCGARGAACCTTACC-3’; 967F-AQ 5’-CTAACCGANGAACCTYACC-3’; 1046R 5’-CGACAGCCATGCANCACCT-3’; 1046R-PP 5’-CGACAACCATGCANCACCT-3’; 1046R-AQ1 5’-CGACGGCCATGCANCACCT-3’; 1046R-AQ2 5’-CGACGACCATGCANCACCT-3’"	"967F-PP 5’-CNACGCGAAGAACCTTANC-3’; 967F-UC1 5’-CAACGCGAAAAACCTTACC-3’; 967F-UC2 5’-CAACGCGCAGAACCTTACC-3’; 967F-UC3 5’-ATACGCGARGAACCTTACC-3’; 967F-AQ 5’-CTAACCGANGAACCTYACC-3’; 1046R 5’-CGACAGCCATGCANCACCT-3’; 1046R-PP 5’-CGACAACCATGCANCACCT-3’; 1046R-AQ1 5’-CGACGGCCATGCANCACCT-3’; 1046R-AQ2 5’-CGACGACCATGCANCACCT-3’"	"967F-PP 5’-CNACGCGAAGAACCTTANC-3’; 967F-UC1 5’-CAACGCGAAAAACCTTACC-3’; 967F-UC2 5’-CAACGCGCAGAACCTTACC-3’; 967F-UC3 5’-ATACGCGARGAACCTTACC-3’; 967F-AQ 5’-CTAACCGANGAACCTYACC-3’; 1046R 5’-CGACAGCCATGCANCACCT-3’; 1046R-PP 5’-CGACAACCATGCANCACCT-3’; 1046R-AQ1 5’-CGACGGCCATGCANCACCT-3’; 1046R-AQ2 5’-CGACGACCATGCANCACCT-3’"	"967F-PP 5’-CNACGCGAAGAACCTTANC-3’; 967F-UC1 5’-CAACGCGAAAAACCTTACC-3’; 967F-UC2 5’-CAACGCGCAGAACCTTACC-3’; 967F-UC3 5’-ATACGCGARGAACCTTACC-3’; 967F-AQ 5’-CTAACCGANGAACCTYACC-3’; 1046R 5’-CGACAGCCATGCANCACCT-3’; 1046R-PP 5’-CGACAACCATGCANCACCT-3’; 1046R-AQ1 5’-CGACGGCCATGCANCACCT-3’; 1046R-AQ2 5’-CGACGACCATGCANCACCT-3’"	"967F-PP 5’-CNACGCGAAGAACCTTANC-3’; 967F-UC1 5’-CAACGCGAAAAACCTTACC-3’; 967F-UC2 5’-CAACGCGCAGAACCTTACC-3’; 967F-UC3 5’-ATACGCGARGAACCTTACC-3’; 967F-AQ 5’-CTAACCGANGAACCTYACC-3’; 1046R 5’-CGACAGCCATGCANCACCT-3’; 1046R-PP 5’-CGACAACCATGCANCACCT-3’; 1046R-AQ1 5’-CGACGGCCATGCANCACCT-3’; 1046R-AQ2 5’-CGACGACCATGCANCACCT-3’"	"967F-PP 5’-CNACGCGAAGAACCTTANC-3’; 967F-UC1 5’-CAACGCGAAAAACCTTACC-3’; 967F-UC2 5’-CAACGCGCAGAACCTTACC-3’; 967F-UC3 5’-ATACGCGARGAACCTTACC-3’; 967F-AQ 5’-CTAACCGANGAACCTYACC-3’; 1046R 5’-CGACAGCCATGCANCACCT-3’; 1046R-PP 5’-CGACAACCATGCANCACCT-3’; 1046R-AQ1 5’-CGACGGCCATGCANCACCT-3’; 1046R-AQ2 5’-CGACGACCATGCANCACCT-3’"	"967F-PP 5’-CNACGCGAAGAACCTTANC-3’; 967F-UC1 5’-CAACGCGAAAAACCTTACC-3’; 967F-UC2 5’-CAACGCGCAGAACCTTACC-3’; 967F-UC3 5’-ATACGCGARGAACCTTACC-3’; 967F-AQ 5’-CTAACCGANGAACCTYACC-3’; 1046R 5’-CGACAGCCATGCANCACCT-3’; 1046R-PP 5’-CGACAACCATGCANCACCT-3’; 1046R-AQ1 5’-CGACGGCCATGCANCACCT-3’; 1046R-AQ2 5’-CGACGACCATGCANCACCT-3’"	"967F-PP 5’-CNACGCGAAGAACCTTANC-3’; 967F-UC1 5’-CAACGCGAAAAACCTTACC-3’; 967F-UC2 5’-CAACGCGCAGAACCTTACC-3’; 967F-UC3 5’-ATACGCGARGAACCTTACC-3’; 967F-AQ 5’-CTAACCGANGAACCTYACC-3’; 1046R 5’-CGACAGCCATGCANCACCT-3’; 1046R-PP 5’-CGACAACCATGCANCACCT-3’; 1046R-AQ1 5’-CGACGGCCATGCANCACCT-3’; 1046R-AQ2 5’-CGACGACCATGCANCACCT-3’"	"967F-PP 5’-CNACGCGAAGAACCTTANC-3’; 967F-UC1 5’-CAACGCGAAAAACCTTACC-3’; 967F-UC2 5’-CAACGCGCAGAACCTTACC-3’; 967F-UC3 5’-ATACGCGARGAACCTTACC-3’; 967F-AQ 5’-CTAACCGANGAACCTYACC-3’; 1046R 5’-CGACAGCCATGCANCACCT-3’; 1046R-PP 5’-CGACAACCATGCANCACCT-3’; 1046R-AQ1 5’-CGACGGCCATGCANCACCT-3’; 1046R-AQ2 5’-CGACGACCATGCANCACCT-3’"	"967F-PP 5’-CNACGCGAAGAACCTTANC-3’; 967F-UC1 5’-CAACGCGAAAAACCTTACC-3’; 967F-UC2 5’-CAACGCGCAGAACCTTACC-3’; 967F-UC3 5’-ATACGCGARGAACCTTACC-3’; 967F-AQ 5’-CTAACCGANGAACCTYACC-3’; 1046R 5’-CGACAGCCATGCANCACCT-3’; 1046R-PP 5’-CGACAACCATGCANCACCT-3’; 1046R-AQ1 5’-CGACGGCCATGCANCACCT-3’; 1046R-AQ2 5’-CGACGACCATGCANCACCT-3’"	"967F-PP 5’-CNACGCGAAGAACCTTANC-3’; 967F-UC1 5’-CAACGCGAAAAACCTTACC-3’; 967F-UC2 5’-CAACGCGCAGAACCTTACC-3’; 967F-UC3 5’-ATACGCGARGAACCTTACC-3’; 967F-AQ 5’-CTAACCGANGAACCTYACC-3’; 1046R 5’-CGACAGCCATGCANCACCT-3’; 1046R-PP 5’-CGACAACCATGCANCACCT-3’; 1046R-AQ1 5’-CGACGGCCATGCANCACCT-3’; 1046R-AQ2 5’-CGACGACCATGCANCACCT-3’"	"967F-PP 5’-CNACGCGAAGAACCTTANC-3’; 967F-UC1 5’-CAACGCGAAAAACCTTACC-3’; 967F-UC2 5’-CAACGCGCAGAACCTTACC-3’; 967F-UC3 5’-ATACGCGARGAACCTTACC-3’; 967F-AQ 5’-CTAACCGANGAACCTYACC-3’; 1046R 5’-CGACAGCCATGCANCACCT-3’; 1046R-PP 5’-CGACAACCATGCANCACCT-3’; 1046R-AQ1 5’-CGACGGCCATGCANCACCT-3’; 1046R-AQ2 5’-CGACGACCATGCANCACCT-3’"	"967F-PP 5’-CNACGCGAAGAACCTTANC-3’; 967F-UC1 5’-CAACGCGAAAAACCTTACC-3’; 967F-UC2 5’-CAACGCGCAGAACCTTACC-3’; 967F-UC3 5’-ATACGCGARGAACCTTACC-3’; 967F-AQ 5’-CTAACCGANGAACCTYACC-3’; 1046R 5’-CGACAGCCATGCANCACCT-3’; 1046R-PP 5’-CGACAACCATGCANCACCT-3’; 1046R-AQ1 5’-CGACGGCCATGCANCACCT-3’; 1046R-AQ2 5’-CGACGACCATGCANCACCT-3’"	"967F-PP 5’-CNACGCGAAGAACCTTANC-3’; 967F-UC1 5’-CAACGCGAAAAACCTTACC-3’; 967F-UC2 5’-CAACGCGCAGAACCTTACC-3’; 967F-UC3 5’-ATACGCGARGAACCTTACC-3’; 967F-AQ 5’-CTAACCGANGAACCTYACC-3’; 1046R 5’-CGACAGCCATGCANCACCT-3’; 1046R-PP 5’-CGACAACCATGCANCACCT-3’; 1046R-AQ1 5’-CGACGGCCATGCANCACCT-3’; 1046R-AQ2 5’-CGACGACCATGCANCACCT-3’"	"967F-PP 5’-CNACGCGAAGAACCTTANC-3’; 967F-UC1 5’-CAACGCGAAAAACCTTACC-3’; 967F-UC2 5’-CAACGCGCAGAACCTTACC-3’; 967F-UC3 5’-ATACGCGARGAACCTTACC-3’; 967F-AQ 5’-CTAACCGANGAACCTYACC-3’; 1046R 5’-CGACAGCCATGCANCACCT-3’; 1046R-PP 5’-CGACAACCATGCANCACCT-3’; 1046R-AQ1 5’-CGACGGCCATGCANCACCT-3’; 1046R-AQ2 5’-CGACGACCATGCANCACCT-3’"	"967F-PP 5’-CNACGCGAAGAACCTTANC-3’; 967F-UC1 5’-CAACGCGAAAAACCTTACC-3’; 967F-UC2 5’-CAACGCGCAGAACCTTACC-3’; 967F-UC3 5’-ATACGCGARGAACCTTACC-3’; 967F-AQ 5’-CTAACCGANGAACCTYACC-3’; 1046R 5’-CGACAGCCATGCANCACCT-3’; 1046R-PP 5’-CGACAACCATGCANCACCT-3’; 1046R-AQ1 5’-CGACGGCCATGCANCACCT-3’; 1046R-AQ2 5’-CGACGACCATGCANCACCT-3’"	"967F-PP 5’-CNACGCGAAGAACCTTANC-3’; 967F-UC1 5’-CAACGCGAAAAACCTTACC-3’; 967F-UC2 5’-CAACGCGCAGAACCTTACC-3’; 967F-UC3 5’-ATACGCGARGAACCTTACC-3’; 967F-AQ 5’-CTAACCGANGAACCTYACC-3’; 1046R 5’-CGACAGCCATGCANCACCT-3’; 1046R-PP 5’-CGACAACCATGCANCACCT-3’; 1046R-AQ1 5’-CGACGGCCATGCANCACCT-3’; 1046R-AQ2 5’-CGACGACCATGCANCACCT-3’"	"967F-PP 5’-CNACGCGAAGAACCTTANC-3’; 967F-UC1 5’-CAACGCGAAAAACCTTACC-3’; 967F-UC2 5’-CAACGCGCAGAACCTTACC-3’; 967F-UC3 5’-ATACGCGARGAACCTTACC-3’; 967F-AQ 5’-CTAACCGANGAACCTYACC-3’; 1046R 5’-CGACAGCCATGCANCACCT-3’; 1046R-PP 5’-CGACAACCATGCANCACCT-3’; 1046R-AQ1 5’-CGACGGCCATGCANCACCT-3’; 1046R-AQ2 5’-CGACGACCATGCANCACCT-3’"	"967F-PP 5’-CNACGCGAAGAACCTTANC-3’; 967F-UC1 5’-CAACGCGAAAAACCTTACC-3’; 967F-UC2 5’-CAACGCGCAGAACCTTACC-3’; 967F-UC3 5’-ATACGCGARGAACCTTACC-3’; 967F-AQ 5’-CTAACCGANGAACCTYACC-3’; 1046R 5’-CGACAGCCATGCANCACCT-3’; 1046R-PP 5’-CGACAACCATGCANCACCT-3’; 1046R-AQ1 5’-CGACGGCCATGCANCACCT-3’; 1046R-AQ2 5’-CGACGACCATGCANCACCT-3’"	"967F-PP 5’-CNACGCGAAGAACCTTANC-3’; 967F-UC1 5’-CAACGCGAAAAACCTTACC-3’; 967F-UC2 5’-CAACGCGCAGAACCTTACC-3’; 967F-UC3 5’-ATACGCGARGAACCTTACC-3’; 967F-AQ 5’-CTAACCGANGAACCTYACC-3’; 1046R 5’-CGACAGCCATGCANCACCT-3’; 1046R-PP 5’-CGACAACCATGCANCACCT-3’; 1046R-AQ1 5’-CGACGGCCATGCANCACCT-3’; 1046R-AQ2 5’-CGACGACCATGCANCACCT-3’"	"967F-PP 5’-CNACGCGAAGAACCTTANC-3’; 967F-UC1 5’-CAACGCGAAAAACCTTACC-3’; 967F-UC2 5’-CAACGCGCAGAACCTTACC-3’; 967F-UC3 5’-ATACGCGARGAACCTTACC-3’; 967F-AQ 5’-CTAACCGANGAACCTYACC-3’; 1046R 5’-CGACAGCCATGCANCACCT-3’; 1046R-PP 5’-CGACAACCATGCANCACCT-3’; 1046R-AQ1 5’-CGACGGCCATGCANCACCT-3’; 1046R-AQ2 5’-CGACGACCATGCANCACCT-3’"	"967F-PP 5’-CNACGCGAAGAACCTTANC-3’; 967F-UC1 5’-CAACGCGAAAAACCTTACC-3’; 967F-UC2 5’-CAACGCGCAGAACCTTACC-3’; 967F-UC3 5’-ATACGCGARGAACCTTACC-3’; 967F-AQ 5’-CTAACCGANGAACCTYACC-3’; 1046R 5’-CGACAGCCATGCANCACCT-3’; 1046R-PP 5’-CGACAACCATGCANCACCT-3’; 1046R-AQ1 5’-CGACGGCCATGCANCACCT-3’; 1046R-AQ2 5’-CGACGACCATGCANCACCT-3’"	"967F-PP 5’-CNACGCGAAGAACCTTANC-3’; 967F-UC1 5’-CAACGCGAAAAACCTTACC-3’; 967F-UC2 5’-CAACGCGCAGAACCTTACC-3’; 967F-UC3 5’-ATACGCGARGAACCTTACC-3’; 967F-AQ 5’-CTAACCGANGAACCTYACC-3’; 1046R 5’-CGACAGCCATGCANCACCT-3’; 1046R-PP 5’-CGACAACCATGCANCACCT-3’; 1046R-AQ1 5’-CGACGGCCATGCANCACCT-3’; 1046R-AQ2 5’-CGACGACCATGCANCACCT-3’"	"967F-PP 5’-CNACGCGAAGAACCTTANC-3’; 967F-UC1 5’-CAACGCGAAAAACCTTACC-3’; 967F-UC2 5’-CAACGCGCAGAACCTTACC-3’; 967F-UC3 5’-ATACGCGARGAACCTTACC-3’; 967F-AQ 5’-CTAACCGANGAACCTYACC-3’; 1046R 5’-CGACAGCCATGCANCACCT-3’; 1046R-PP 5’-CGACAACCATGCANCACCT-3’; 1046R-AQ1 5’-CGACGGCCATGCANCACCT-3’; 1046R-AQ2 5’-CGACGACCATGCANCACCT-3’"	"967F-PP 5’-CNACGCGAAGAACCTTANC-3’; 967F-UC1 5’-CAACGCGAAAAACCTTACC-3’; 967F-UC2 5’-CAACGCGCAGAACCTTACC-3’; 967F-UC3 5’-ATACGCGARGAACCTTACC-3’; 967F-AQ 5’-CTAACCGANGAACCTYACC-3’; 1046R 5’-CGACAGCCATGCANCACCT-3’; 1046R-PP 5’-CGACAACCATGCANCACCT-3’; 1046R-AQ1 5’-CGACGGCCATGCANCACCT-3’; 1046R-AQ2 5’-CGACGACCATGCANCACCT-3’"	"967F-PP 5’-CNACGCGAAGAACCTTANC-3’; 967F-UC1 5’-CAACGCGAAAAACCTTACC-3’; 967F-UC2 5’-CAACGCGCAGAACCTTACC-3’; 967F-UC3 5’-ATACGCGARGAACCTTACC-3’; 967F-AQ 5’-CTAACCGANGAACCTYACC-3’; 1046R 5’-CGACAGCCATGCANCACCT-3’; 1046R-PP 5’-CGACAACCATGCANCACCT-3’; 1046R-AQ1 5’-CGACGGCCATGCANCACCT-3’; 1046R-AQ2 5’-CGACGACCATGCANCACCT-3’"	"967F-PP 5’-CNACGCGAAGAACCTTANC-3’; 967F-UC1 5’-CAACGCGAAAAACCTTACC-3’; 967F-UC2 5’-CAACGCGCAGAACCTTACC-3’; 967F-UC3 5’-ATACGCGARGAACCTTACC-3’; 967F-AQ 5’-CTAACCGANGAACCTYACC-3’; 1046R 5’-CGACAGCCATGCANCACCT-3’; 1046R-PP 5’-CGACAACCATGCANCACCT-3’; 1046R-AQ1 5’-CGACGGCCATGCANCACCT-3’; 1046R-AQ2 5’-CGACGACCATGCANCACCT-3’"	"967F-PP 5’-CNACGCGAAGAACCTTANC-3’; 967F-UC1 5’-CAACGCGAAAAACCTTACC-3’; 967F-UC2 5’-CAACGCGCAGAACCTTACC-3’; 967F-UC3 5’-ATACGCGARGAACCTTACC-3’; 967F-AQ 5’-CTAACCGANGAACCTYACC-3’; 1046R 5’-CGACAGCCATGCANCACCT-3’; 1046R-PP 5’-CGACAACCATGCANCACCT-3’; 1046R-AQ1 5’-CGACGGCCATGCANCACCT-3’; 1046R-AQ2 5’-CGACGACCATGCANCACCT-3’"	"967F-PP 5’-CNACGCGAAGAACCTTANC-3’; 967F-UC1 5’-CAACGCGAAAAACCTTACC-3’; 967F-UC2 5’-CAACGCGCAGAACCTTACC-3’; 967F-UC3 5’-ATACGCGARGAACCTTACC-3’; 967F-AQ 5’-CTAACCGANGAACCTYACC-3’; 1046R 5’-CGACAGCCATGCANCACCT-3’; 1046R-PP 5’-CGACAACCATGCANCACCT-3’; 1046R-AQ1 5’-CGACGGCCATGCANCACCT-3’; 1046R-AQ2 5’-CGACGACCATGCANCACCT-3’"	"967F-PP 5’-CNACGCGAAGAACCTTANC-3’; 967F-UC1 5’-CAACGCGAAAAACCTTACC-3’; 967F-UC2 5’-CAACGCGCAGAACCTTACC-3’; 967F-UC3 5’-ATACGCGARGAACCTTACC-3’; 967F-AQ 5’-CTAACCGANGAACCTYACC-3’; 1046R 5’-CGACAGCCATGCANCACCT-3’; 1046R-PP 5’-CGACAACCATGCANCACCT-3’; 1046R-AQ1 5’-CGACGGCCATGCANCACCT-3’; 1046R-AQ2 5’-CGACGACCATGCANCACCT-3’"	"967F-PP 5’-CNACGCGAAGAACCTTANC-3’; 967F-UC1 5’-CAACGCGAAAAACCTTACC-3’; 967F-UC2 5’-CAACGCGCAGAACCTTACC-3’; 967F-UC3 5’-ATACGCGARGAACCTTACC-3’; 967F-AQ 5’-CTAACCGANGAACCTYACC-3’; 1046R 5’-CGACAGCCATGCANCACCT-3’; 1046R-PP 5’-CGACAACCATGCANCACCT-3’; 1046R-AQ1 5’-CGACGGCCATGCANCACCT-3’; 1046R-AQ2 5’-CGACGACCATGCANCACCT-3’"	"967F-PP 5’-CNACGCGAAGAACCTTANC-3’; 967F-UC1 5’-CAACGCGAAAAACCTTACC-3’; 967F-UC2 5’-CAACGCGCAGAACCTTACC-3’; 967F-UC3 5’-ATACGCGARGAACCTTACC-3’; 967F-AQ 5’-CTAACCGANGAACCTYACC-3’; 1046R 5’-CGACAGCCATGCANCACCT-3’; 1046R-PP 5’-CGACAACCATGCANCACCT-3’; 1046R-AQ1 5’-CGACGGCCATGCANCACCT-3’; 1046R-AQ2 5’-CGACGACCATGCANCACCT-3’"	"967F-PP 5’-CNACGCGAAGAACCTTANC-3’; 967F-UC1 5’-CAACGCGAAAAACCTTACC-3’; 967F-UC2 5’-CAACGCGCAGAACCTTACC-3’; 967F-UC3 5’-ATACGCGARGAACCTTACC-3’; 967F-AQ 5’-CTAACCGANGAACCTYACC-3’; 1046R 5’-CGACAGCCATGCANCACCT-3’; 1046R-PP 5’-CGACAACCATGCANCACCT-3’; 1046R-AQ1 5’-CGACGGCCATGCANCACCT-3’; 1046R-AQ2 5’-CGACGACCATGCANCACCT-3’"	"967F-PP 5’-CNACGCGAAGAACCTTANC-3’; 967F-UC1 5’-CAACGCGAAAAACCTTACC-3’; 967F-UC2 5’-CAACGCGCAGAACCTTACC-3’; 967F-UC3 5’-ATACGCGARGAACCTTACC-3’; 967F-AQ 5’-CTAACCGANGAACCTYACC-3’; 1046R 5’-CGACAGCCATGCANCACCT-3’; 1046R-PP 5’-CGACAACCATGCANCACCT-3’; 1046R-AQ1 5’-CGACGGCCATGCANCACCT-3’; 1046R-AQ2 5’-CGACGACCATGCANCACCT-3’"	"967F-PP 5’-CNACGCGAAGAACCTTANC-3’; 967F-UC1 5’-CAACGCGAAAAACCTTACC-3’; 967F-UC2 5’-CAACGCGCAGAACCTTACC-3’; 967F-UC3 5’-ATACGCGARGAACCTTACC-3’; 967F-AQ 5’-CTAACCGANGAACCTYACC-3’; 1046R 5’-CGACAGCCATGCANCACCT-3’; 1046R-PP 5’-CGACAACCATGCANCACCT-3’; 1046R-AQ1 5’-CGACGGCCATGCANCACCT-3’; 1046R-AQ2 5’-CGACGACCATGCANCACCT-3’"	"967F-PP 5’-CNACGCGAAGAACCTTANC-3’; 967F-UC1 5’-CAACGCGAAAAACCTTACC-3’; 967F-UC2 5’-CAACGCGCAGAACCTTACC-3’; 967F-UC3 5’-ATACGCGARGAACCTTACC-3’; 967F-AQ 5’-CTAACCGANGAACCTYACC-3’; 1046R 5’-CGACAGCCATGCANCACCT-3’; 1046R-PP 5’-CGACAACCATGCANCACCT-3’; 1046R-AQ1 5’-CGACGGCCATGCANCACCT-3’; 1046R-AQ2 5’-CGACGACCATGCANCACCT-3’"	"967F-PP 5’-CNACGCGAAGAACCTTANC-3’; 967F-UC1 5’-CAACGCGAAAAACCTTACC-3’; 967F-UC2 5’-CAACGCGCAGAACCTTACC-3’; 967F-UC3 5’-ATACGCGARGAACCTTACC-3’; 967F-AQ 5’-CTAACCGANGAACCTYACC-3’; 1046R 5’-CGACAGCCATGCANCACCT-3’; 1046R-PP 5’-CGACAACCATGCANCACCT-3’; 1046R-AQ1 5’-CGACGGCCATGCANCACCT-3’; 1046R-AQ2 5’-CGACGACCATGCANCACCT-3’"	"967F-PP 5’-CNACGCGAAGAACCTTANC-3’; 967F-UC1 5’-CAACGCGAAAAACCTTACC-3’; 967F-UC2 5’-CAACGCGCAGAACCTTACC-3’; 967F-UC3 5’-ATACGCGARGAACCTTACC-3’; 967F-AQ 5’-CTAACCGANGAACCTYACC-3’; 1046R 5’-CGACAGCCATGCANCACCT-3’; 1046R-PP 5’-CGACAACCATGCANCACCT-3’; 1046R-AQ1 5’-CGACGGCCATGCANCACCT-3’; 1046R-AQ2 5’-CGACGACCATGCANCACCT-3’"	"967F-PP 5’-CNACGCGAAGAACCTTANC-3’; 967F-UC1 5’-CAACGCGAAAAACCTTACC-3’; 967F-UC2 5’-CAACGCGCAGAACCTTACC-3’; 967F-UC3 5’-ATACGCGARGAACCTTACC-3’; 967F-AQ 5’-CTAACCGANGAACCTYACC-3’; 1046R 5’-CGACAGCCATGCANCACCT-3’; 1046R-PP 5’-CGACAACCATGCANCACCT-3’; 1046R-AQ1 5’-CGACGGCCATGCANCACCT-3’; 1046R-AQ2 5’-CGACGACCATGCANCACCT-3’"	"967F-PP 5’-CNACGCGAAGAACCTTANC-3’; 967F-UC1 5’-CAACGCGAAAAACCTTACC-3’; 967F-UC2 5’-CAACGCGCAGAACCTTACC-3’; 967F-UC3 5’-ATACGCGARGAACCTTACC-3’; 967F-AQ 5’-CTAACCGANGAACCTYACC-3’; 1046R 5’-CGACAGCCATGCANCACCT-3’; 1046R-PP 5’-CGACAACCATGCANCACCT-3’; 1046R-AQ1 5’-CGACGGCCATGCANCACCT-3’; 1046R-AQ2 5’-CGACGACCATGCANCACCT-3’"	"967F-PP 5’-CNACGCGAAGAACCTTANC-3’; 967F-UC1 5’-CAACGCGAAAAACCTTACC-3’; 967F-UC2 5’-CAACGCGCAGAACCTTACC-3’; 967F-UC3 5’-ATACGCGARGAACCTTACC-3’; 967F-AQ 5’-CTAACCGANGAACCTYACC-3’; 1046R 5’-CGACAGCCATGCANCACCT-3’; 1046R-PP 5’-CGACAACCATGCANCACCT-3’; 1046R-AQ1 5’-CGACGGCCATGCANCACCT-3’; 1046R-AQ2 5’-CGACGACCATGCANCACCT-3’"	"967F-PP 5’-CNACGCGAAGAACCTTANC-3’; 967F-UC1 5’-CAACGCGAAAAACCTTACC-3’; 967F-UC2 5’-CAACGCGCAGAACCTTACC-3’; 967F-UC3 5’-ATACGCGARGAACCTTACC-3’; 967F-AQ 5’-CTAACCGANGAACCTYACC-3’; 1046R 5’-CGACAGCCATGCANCACCT-3’; 1046R-PP 5’-CGACAACCATGCANCACCT-3’; 1046R-AQ1 5’-CGACGGCCATGCANCACCT-3’; 1046R-AQ2 5’-CGACGACCATGCANCACCT-3’"	"967F-PP 5’-CNACGCGAAGAACCTTANC-3’; 967F-UC1 5’-CAACGCGAAAAACCTTACC-3’; 967F-UC2 5’-CAACGCGCAGAACCTTACC-3’; 967F-UC3 5’-ATACGCGARGAACCTTACC-3’; 967F-AQ 5’-CTAACCGANGAACCTYACC-3’; 1046R 5’-CGACAGCCATGCANCACCT-3’; 1046R-PP 5’-CGACAACCATGCANCACCT-3’; 1046R-AQ1 5’-CGACGGCCATGCANCACCT-3’; 1046R-AQ2 5’-CGACGACCATGCANCACCT-3’"	"967F-PP 5’-CNACGCGAAGAACCTTANC-3’; 967F-UC1 5’-CAACGCGAAAAACCTTACC-3’; 967F-UC2 5’-CAACGCGCAGAACCTTACC-3’; 967F-UC3 5’-ATACGCGARGAACCTTACC-3’; 967F-AQ 5’-CTAACCGANGAACCTYACC-3’; 1046R 5’-CGACAGCCATGCANCACCT-3’; 1046R-PP 5’-CGACAACCATGCANCACCT-3’; 1046R-AQ1 5’-CGACGGCCATGCANCACCT-3’; 1046R-AQ2 5’-CGACGACCATGCANCACCT-3’"	"967F-PP 5’-CNACGCGAAGAACCTTANC-3’; 967F-UC1 5’-CAACGCGAAAAACCTTACC-3’; 967F-UC2 5’-CAACGCGCAGAACCTTACC-3’; 967F-UC3 5’-ATACGCGARGAACCTTACC-3’; 967F-AQ 5’-CTAACCGANGAACCTYACC-3’; 1046R 5’-CGACAGCCATGCANCACCT-3’; 1046R-PP 5’-CGACAACCATGCANCACCT-3’; 1046R-AQ1 5’-CGACGGCCATGCANCACCT-3’; 1046R-AQ2 5’-CGACGACCATGCANCACCT-3’"	"967F-PP 5’-CNACGCGAAGAACCTTANC-3’; 967F-UC1 5’-CAACGCGAAAAACCTTACC-3’; 967F-UC2 5’-CAACGCGCAGAACCTTACC-3’; 967F-UC3 5’-ATACGCGARGAACCTTACC-3’; 967F-AQ 5’-CTAACCGANGAACCTYACC-3’; 1046R 5’-CGACAGCCATGCANCACCT-3’; 1046R-PP 5’-CGACAACCATGCANCACCT-3’; 1046R-AQ1 5’-CGACGGCCATGCANCACCT-3’; 1046R-AQ2 5’-CGACGACCATGCANCACCT-3’"
"Multiplex identifier"	mid		ACGAGTGCGT	ACGCTCGACA	AGACGCACTC	AGCACTGTAG	ATCAGACACG	ATATCGCGAG	CGTGTCTCTA	CTCGCGTGTC	TAGTATCAGC	TCTCTATGCG	TGATACGTCT	TACTGAGCTA	TAGTATCAGC	TCTCTATGCG	TGATACGTCT	TACTGAGCTA	ACGAGTGCGT	ACGCTCGACA	AGACGCACTC	AGCACTGTAG	ATCAGACACG	ATATCGCGAG	CGTGTCTCTA	CTCGCGTGTC	TAGTATCAGC	TCTCTATGCG	TGATACGTCT	TACTGAGCTA	ACGAGTGCGT	ACGCTCGACA	AGACGCACTC	AGCACTGTAG	ATCAGACACG	ATATCGCGAG	CGTGTCTCTA	CTCGCGTGTC	TAGTATCAGC	TCTCTATGCG	TGATACGTCT	TACTGAGCTA	ACGAGTGCGT	ACGCTCGACA	AGACGCACTC	AGCACTGTAG	ATCAGACACG	ATATCGCGAG	CGTGTCTCTA	CTCGCGTGTC	TAGTATCAGC	TCTCTATGCG	TGATACGTCT	TACTGAGCTA	ACGAGTGCGT	ACGCTCGACA	AGACGCACTC	AGCACTGTAG	ATCAGACACG	ATATCGCGAG	CGTGTCTCTA	CTCGCGTGTC	TAGTATCAGC	TCTCTATGCG	TGATACGTCT	TACTGAGCTA	ACGAGTGCGT	ACGCTCGACA	AGACGCACTC	AGCACTGTAG	ATCAGACACG	ATATCGCGAG	CGTGTCTCTA	CTCGCGTGTC	TAGTATCAGC	TCTCTATGCG	TGATACGTCT	TACTGAGCTA	ACGAGTGCGT	ACGCTCGACA	AGACGCACTC	AGCACTGTAG	ATCAGACACG	ATATCGCGAG	CGTGTCTCTA	CTCGCGTGTC	TAGTATCAGC	TCTCTATGCG
Adapter	adapter																																																																																							
"PCR conditions"	pcr_cond		"initial denaturation:94degC_3min;denaturation:94degC_30sec;annealing:57degC_45sec;elongation:72degC_1min;final elongation:72degC_2min;total cycles:30"	"initial denaturation:94degC_3min; denaturation:94degC_30sec; annealing:57degC_45sec; elongation:72degC_1min; final elongation:72degC_2min: total cycles:30"	"initial denaturation:94degC_3min; denaturation:94degC_30sec; annealing:57degC_45sec; elongation:72degC_1min; final elongation:72degC_2min: total cycles:30"	"initial denaturation:94degC_3min; denaturation:94degC_30sec; annealing:57degC_45sec; elongation:72degC_1min; final elongation:72degC_2min: total cycles:30"	"initial denaturation:94degC_3min; denaturation:94degC_30sec; annealing:57degC_45sec; elongation:72degC_1min; final elongation:72degC_2min: total cycles:30"	"initial denaturation:94degC_3min; denaturation:94degC_30sec; annealing:57degC_45sec; elongation:72degC_1min; final elongation:72degC_2min: total cycles:30"	"initial denaturation:94degC_3min; denaturation:94degC_30sec; annealing:57degC_45sec; elongation:72degC_1min; final elongation:72degC_2min: total cycles:30"	"initial denaturation:94degC_3min; denaturation:94degC_30sec; annealing:57degC_45sec; elongation:72degC_1min; final elongation:72degC_2min: total cycles:30"	"initial denaturation:94degC_3min; denaturation:94degC_30sec; annealing:57degC_45sec; elongation:72degC_1min; final elongation:72degC_2min: total cycles:30"	"initial denaturation:94degC_3min; denaturation:94degC_30sec; annealing:57degC_45sec; elongation:72degC_1min; final elongation:72degC_2min: total cycles:30"	"initial denaturation:94degC_3min; denaturation:94degC_30sec; annealing:57degC_45sec; elongation:72degC_1min; final elongation:72degC_2min: total cycles:30"	"initial denaturation:94degC_3min; denaturation:94degC_30sec; annealing:57degC_45sec; elongation:72degC_1min; final elongation:72degC_2min: total cycles:30"	"initial denaturation:94degC_3min; denaturation:94degC_30sec; annealing:57degC_45sec; elongation:72degC_1min; final elongation:72degC_2min: total cycles:30"	"initial denaturation:94degC_3min; denaturation:94degC_30sec; annealing:57degC_45sec; elongation:72degC_1min; final elongation:72degC_2min: total cycles:30"	"initial denaturation:94degC_3min; denaturation:94degC_30sec; annealing:57degC_45sec; elongation:72degC_1min; final elongation:72degC_2min: total cycles:30"	"initial denaturation:94degC_3min; denaturation:94degC_30sec; annealing:57degC_45sec; elongation:72degC_1min; final elongation:72degC_2min: total cycles:30"	"initial denaturation:94degC_3min; denaturation:94degC_30sec; annealing:57degC_45sec; elongation:72degC_1min; final elongation:72degC_2min: total cycles:30"	"initial denaturation:94degC_3min; denaturation:94degC_30sec; annealing:57degC_45sec; elongation:72degC_1min; final elongation:72degC_2min: total cycles:30"	"initial denaturation:94degC_3min; denaturation:94degC_30sec; annealing:57degC_45sec; elongation:72degC_1min; final elongation:72degC_2min: total cycles:30"	"initial denaturation:94degC_3min; denaturation:94degC_30sec; annealing:57degC_45sec; elongation:72degC_1min; final elongation:72degC_2min: total cycles:30"	"initial denaturation:94degC_3min; denaturation:94degC_30sec; annealing:57degC_45sec; elongation:72degC_1min; final elongation:72degC_2min: total cycles:30"	"initial denaturation:94degC_3min; denaturation:94degC_30sec; annealing:57degC_45sec; elongation:72degC_1min; final elongation:72degC_2min: total cycles:30"	"initial denaturation:94degC_3min; denaturation:94degC_30sec; annealing:57degC_45sec; elongation:72degC_1min; final elongation:72degC_2min: total cycles:30"	"initial denaturation:94degC_3min; denaturation:94degC_30sec; annealing:57degC_45sec; elongation:72degC_1min; final elongation:72degC_2min: total cycles:30"	"initial denaturation:94degC_3min; denaturation:94degC_30sec; annealing:57degC_45sec; elongation:72degC_1min; final elongation:72degC_2min: total cycles:30"	"initial denaturation:94degC_3min; denaturation:94degC_30sec; annealing:57degC_45sec; elongation:72degC_1min; final elongation:72degC_2min: total cycles:30"	"initial denaturation:94degC_3min; denaturation:94degC_30sec; annealing:57degC_45sec; elongation:72degC_1min; final elongation:72degC_2min: total cycles:30"	"initial denaturation:94degC_3min; denaturation:94degC_30sec; annealing:57degC_45sec; elongation:72degC_1min; final elongation:72degC_2min: total cycles:30"	"initial denaturation:94degC_3min; denaturation:94degC_30sec; annealing:57degC_45sec; elongation:72degC_1min; final elongation:72degC_2min: total cycles:30"	"initial denaturation:94degC_3min; denaturation:94degC_30sec; annealing:57degC_45sec; elongation:72degC_1min; final elongation:72degC_2min: total cycles:30"	"initial denaturation:94degC_3min; denaturation:94degC_30sec; annealing:57degC_45sec; elongation:72degC_1min; final elongation:72degC_2min: total cycles:30"	"initial denaturation:94degC_3min; denaturation:94degC_30sec; annealing:57degC_45sec; elongation:72degC_1min; final elongation:72degC_2min: total cycles:30"	"initial denaturation:94degC_3min; denaturation:94degC_30sec; annealing:57degC_45sec; elongation:72degC_1min; final elongation:72degC_2min: total cycles:30"	"initial denaturation:94degC_3min; denaturation:94degC_30sec; annealing:57degC_45sec; elongation:72degC_1min; final elongation:72degC_2min: total cycles:30"	"initial denaturation:94degC_3min; denaturation:94degC_30sec; annealing:57degC_45sec; elongation:72degC_1min; final elongation:72degC_2min: total cycles:30"	"initial denaturation:94degC_3min; denaturation:94degC_30sec; annealing:57degC_45sec; elongation:72degC_1min; final elongation:72degC_2min: total cycles:30"	"initial denaturation:94degC_3min; denaturation:94degC_30sec; annealing:57degC_45sec; elongation:72degC_1min; final elongation:72degC_2min: total cycles:30"	"initial denaturation:94degC_3min; denaturation:94degC_30sec; annealing:57degC_45sec; elongation:72degC_1min; final elongation:72degC_2min: total cycles:30"	"initial denaturation:94degC_3min; denaturation:94degC_30sec; annealing:57degC_45sec; elongation:72degC_1min; final elongation:72degC_2min: total cycles:30"	"initial denaturation:94degC_3min; denaturation:94degC_30sec; annealing:57degC_45sec; elongation:72degC_1min; final elongation:72degC_2min: total cycles:30"	"initial denaturation:94degC_3min; denaturation:94degC_30sec; annealing:57degC_45sec; elongation:72degC_1min; final elongation:72degC_2min: total cycles:30"	"initial denaturation:94degC_3min; denaturation:94degC_30sec; annealing:57degC_45sec; elongation:72degC_1min; final elongation:72degC_2min: total cycles:30"	"initial denaturation:94degC_3min; denaturation:94degC_30sec; annealing:57degC_45sec; elongation:72degC_1min; final elongation:72degC_2min: total cycles:30"	"initial denaturation:94degC_3min; denaturation:94degC_30sec; annealing:57degC_45sec; elongation:72degC_1min; final elongation:72degC_2min: total cycles:30"	"initial denaturation:94degC_3min; denaturation:94degC_30sec; annealing:57degC_45sec; elongation:72degC_1min; final elongation:72degC_2min: total cycles:30"	"initial denaturation:94degC_3min; denaturation:94degC_30sec; annealing:57degC_45sec; elongation:72degC_1min; final elongation:72degC_2min: total cycles:30"	"initial denaturation:94degC_3min; denaturation:94degC_30sec; annealing:57degC_45sec; elongation:72degC_1min; final elongation:72degC_2min: total cycles:30"	"initial denaturation:94degC_3min; denaturation:94degC_30sec; annealing:57degC_45sec; elongation:72degC_1min; final elongation:72degC_2min: total cycles:30"	"initial denaturation:94degC_3min; denaturation:94degC_30sec; annealing:57degC_45sec; elongation:72degC_1min; final elongation:72degC_2min: total cycles:30"	"initial denaturation:94degC_3min; denaturation:94degC_30sec; annealing:57degC_45sec; elongation:72degC_1min; final elongation:72degC_2min: total cycles:30"	"initial denaturation:94degC_3min; denaturation:94degC_30sec; annealing:57degC_45sec; elongation:72degC_1min; final elongation:72degC_2min: total cycles:30"	"initial denaturation:94degC_3min; denaturation:94degC_30sec; annealing:57degC_45sec; elongation:72degC_1min; final elongation:72degC_2min: total cycles:30"	"initial denaturation:94degC_3min; denaturation:94degC_30sec; annealing:57degC_45sec; elongation:72degC_1min; final elongation:72degC_2min: total cycles:30"	"initial denaturation:94degC_3min; denaturation:94degC_30sec; annealing:57degC_45sec; elongation:72degC_1min; final elongation:72degC_2min: total cycles:30"	"initial denaturation:94degC_3min; denaturation:94degC_30sec; annealing:57degC_45sec; elongation:72degC_1min; final elongation:72degC_2min: total cycles:30"	"initial denaturation:94degC_3min; denaturation:94degC_30sec; annealing:57degC_45sec; elongation:72degC_1min; final elongation:72degC_2min: total cycles:30"	"initial denaturation:94degC_3min; denaturation:94degC_30sec; annealing:57degC_45sec; elongation:72degC_1min; final elongation:72degC_2min: total cycles:30"	"initial denaturation:94degC_3min; denaturation:94degC_30sec; annealing:57degC_45sec; elongation:72degC_1min; final elongation:72degC_2min: total cycles:30"	"initial denaturation:94degC_3min; denaturation:94degC_30sec; annealing:57degC_45sec; elongation:72degC_1min; final elongation:72degC_2min: total cycles:30"	"initial denaturation:94degC_3min; denaturation:94degC_30sec; annealing:57degC_45sec; elongation:72degC_1min; final elongation:72degC_2min: total cycles:30"	"initial denaturation:94degC_3min; denaturation:94degC_30sec; annealing:57degC_45sec; elongation:72degC_1min; final elongation:72degC_2min: total cycles:30"	"initial denaturation:94degC_3min; denaturation:94degC_30sec; annealing:57degC_45sec; elongation:72degC_1min; final elongation:72degC_2min: total cycles:30"	"initial denaturation:94degC_3min; denaturation:94degC_30sec; annealing:57degC_45sec; elongation:72degC_1min; final elongation:72degC_2min: total cycles:30"	"initial denaturation:94degC_3min; denaturation:94degC_30sec; annealing:57degC_45sec; elongation:72degC_1min; final elongation:72degC_2min: total cycles:30"	"initial denaturation:94degC_3min; denaturation:94degC_30sec; annealing:57degC_45sec; elongation:72degC_1min; final elongation:72degC_2min: total cycles:30"	"initial denaturation:94degC_3min; denaturation:94degC_30sec; annealing:57degC_45sec; elongation:72degC_1min; final elongation:72degC_2min: total cycles:30"	"initial denaturation:94degC_3min; denaturation:94degC_30sec; annealing:57degC_45sec; elongation:72degC_1min; final elongation:72degC_2min: total cycles:30"	"initial denaturation:94degC_3min; denaturation:94degC_30sec; annealing:57degC_45sec; elongation:72degC_1min; final elongation:72degC_2min: total cycles:30"	"initial denaturation:94degC_3min; denaturation:94degC_30sec; annealing:57degC_45sec; elongation:72degC_1min; final elongation:72degC_2min: total cycles:30"	"initial denaturation:94degC_3min; denaturation:94degC_30sec; annealing:57degC_45sec; elongation:72degC_1min; final elongation:72degC_2min: total cycles:30"	"initial denaturation:94degC_3min; denaturation:94degC_30sec; annealing:57degC_45sec; elongation:72degC_1min; final elongation:72degC_2min: total cycles:30"	"initial denaturation:94degC_3min; denaturation:94degC_30sec; annealing:57degC_45sec; elongation:72degC_1min; final elongation:72degC_2min: total cycles:30"	"initial denaturation:94degC_3min; denaturation:94degC_30sec; annealing:57degC_45sec; elongation:72degC_1min; final elongation:72degC_2min: total cycles:30"	"initial denaturation:94degC_3min; denaturation:94degC_30sec; annealing:57degC_45sec; elongation:72degC_1min; final elongation:72degC_2min: total cycles:30"	"initial denaturation:94degC_3min; denaturation:94degC_30sec; annealing:57degC_45sec; elongation:72degC_1min; final elongation:72degC_2min: total cycles:30"	"initial denaturation:94degC_3min; denaturation:94degC_30sec; annealing:57degC_45sec; elongation:72degC_1min; final elongation:72degC_2min: total cycles:30"	"initial denaturation:94degC_3min; denaturation:94degC_30sec; annealing:57degC_45sec; elongation:72degC_1min; final elongation:72degC_2min: total cycles:30"	"initial denaturation:94degC_3min; denaturation:94degC_30sec; annealing:57degC_45sec; elongation:72degC_1min; final elongation:72degC_2min: total cycles:30"	"initial denaturation:94degC_3min; denaturation:94degC_30sec; annealing:57degC_45sec; elongation:72degC_1min; final elongation:72degC_2min: total cycles:30"	"initial denaturation:94degC_3min; denaturation:94degC_30sec; annealing:57degC_45sec; elongation:72degC_1min; final elongation:72degC_2min: total cycles:30"	"initial denaturation:94degC_3min; denaturation:94degC_30sec; annealing:57degC_45sec; elongation:72degC_1min; final elongation:72degC_2min: total cycles:30"	"initial denaturation:94degC_3min; denaturation:94degC_30sec; annealing:57degC_45sec; elongation:72degC_1min; final elongation:72degC_2min: total cycles:30"	"initial denaturation:94degC_3min; denaturation:94degC_30sec; annealing:57degC_45sec; elongation:72degC_1min; final elongation:72degC_2min: total cycles:30"	"initial denaturation:94degC_3min; denaturation:94degC_30sec; annealing:57degC_45sec; elongation:72degC_1min; final elongation:72degC_2min: total cycles:30"	"initial denaturation:94degC_3min; denaturation:94degC_30sec; annealing:57degC_45sec; elongation:72degC_1min; final elongation:72degC_2min: total cycles:30"	"initial denaturation:94degC_3min; denaturation:94degC_30sec; annealing:57degC_45sec; elongation:72degC_1min; final elongation:72degC_2min: total cycles:30"
"Sequencing method"	sequencing_meth		"GS FLX LR70 454 pyrosequencing"	"GS FLX LR70 454 pyrosequencing"	"GS FLX LR70 454 pyrosequencing"	"GS FLX LR70 454 pyrosequencing"	"GS FLX LR70 454 pyrosequencing"	"GS FLX LR70 454 pyrosequencing"	"GS FLX LR70 454 pyrosequencing"	"GS FLX LR70 454 pyrosequencing"	"GS FLX LR70 454 pyrosequencing"	"GS FLX LR70 454 pyrosequencing"	"GS FLX LR70 454 pyrosequencing"	"GS FLX LR70 454 pyrosequencing"	"GS FLX LR70 454 pyrosequencing"	"GS FLX LR70 454 pyrosequencing"	"GS FLX LR70 454 pyrosequencing"	"GS FLX LR70 454 pyrosequencing"	"GS FLX LR70 454 pyrosequencing"	"GS FLX LR70 454 pyrosequencing"	"GS FLX LR70 454 pyrosequencing"	"GS FLX LR70 454 pyrosequencing"	"GS FLX LR70 454 pyrosequencing"	"GS FLX LR70 454 pyrosequencing"	"GS FLX LR70 454 pyrosequencing"	"GS FLX LR70 454 pyrosequencing"	"GS FLX LR70 454 pyrosequencing"	"GS FLX LR70 454 pyrosequencing"	"GS FLX LR70 454 pyrosequencing"	"GS FLX LR70 454 pyrosequencing"	"GS FLX LR70 454 pyrosequencing"	"GS FLX LR70 454 pyrosequencing"	"GS FLX LR70 454 pyrosequencing"	"GS FLX LR70 454 pyrosequencing"	"GS FLX LR70 454 pyrosequencing"	"GS FLX LR70 454 pyrosequencing"	"GS FLX LR70 454 pyrosequencing"	"GS FLX LR70 454 pyrosequencing"	"GS FLX LR70 454 pyrosequencing"	"GS FLX LR70 454 pyrosequencing"	"GS FLX LR70 454 pyrosequencing"	"GS FLX LR70 454 pyrosequencing"	"GS FLX LR70 454 pyrosequencing"	"GS FLX LR70 454 pyrosequencing"	"GS FLX LR70 454 pyrosequencing"	"GS FLX LR70 454 pyrosequencing"	"GS FLX LR70 454 pyrosequencing"	"GS FLX LR70 454 pyrosequencing"	"GS FLX LR70 454 pyrosequencing"	"GS FLX LR70 454 pyrosequencing"	"GS FLX LR70 454 pyrosequencing"	"GS FLX LR70 454 pyrosequencing"	"GS FLX LR70 454 pyrosequencing"	"GS FLX LR70 454 pyrosequencing"	"GS FLX LR70 454 pyrosequencing"	"GS FLX LR70 454 pyrosequencing"	"GS FLX LR70 454 pyrosequencing"	"GS FLX LR70 454 pyrosequencing"	"GS FLX LR70 454 pyrosequencing"	"GS FLX LR70 454 pyrosequencing"	"GS FLX LR70 454 pyrosequencing"	"GS FLX LR70 454 pyrosequencing"	"GS FLX LR70 454 pyrosequencing"	"GS FLX LR70 454 pyrosequencing"	"GS FLX LR70 454 pyrosequencing"	"GS FLX LR70 454 pyrosequencing"	"GS FLX LR70 454 pyrosequencing"	"GS FLX LR70 454 pyrosequencing"	"GS FLX LR70 454 pyrosequencing"	"GS FLX LR70 454 pyrosequencing"	"GS FLX LR70 454 pyrosequencing"	"GS FLX LR70 454 pyrosequencing"	"GS FLX LR70 454 pyrosequencing"	"GS FLX LR70 454 pyrosequencing"	"GS FLX LR70 454 pyrosequencing"	"GS FLX LR70 454 pyrosequencing"	"GS FLX LR70 454 pyrosequencing"	"GS FLX LR70 454 pyrosequencing"	"GS FLX LR70 454 pyrosequencing"	"GS FLX LR70 454 pyrosequencing"	"GS FLX LR70 454 pyrosequencing"	"GS FLX LR70 454 pyrosequencing"	"GS FLX LR70 454 pyrosequencing"	"GS FLX LR70 454 pyrosequencing"	"GS FLX LR70 454 pyrosequencing"	"GS FLX LR70 454 pyrosequencing"	"GS FLX LR70 454 pyrosequencing"	"GS FLX LR70 454 pyrosequencing"
"Relevant electronic resources"	url		"http://icomm.mbl.edu; http://vamps.mbl.edu"	"http://icomm.mbl.edu; http://vamps.mbl.edu"	"http://icomm.mbl.edu; http://vamps.mbl.edu"	"http://icomm.mbl.edu; http://vamps.mbl.edu"	"http://icomm.mbl.edu; http://vamps.mbl.edu"	"http://icomm.mbl.edu; http://vamps.mbl.edu"	"http://icomm.mbl.edu; http://vamps.mbl.edu"	"http://icomm.mbl.edu; http://vamps.mbl.edu"	"http://icomm.mbl.edu; http://vamps.mbl.edu"	"http://icomm.mbl.edu; http://vamps.mbl.edu"	"http://icomm.mbl.edu; http://vamps.mbl.edu"	"http://icomm.mbl.edu; http://vamps.mbl.edu"	"http://icomm.mbl.edu; http://vamps.mbl.edu"	"http://icomm.mbl.edu; http://vamps.mbl.edu"	"http://icomm.mbl.edu; http://vamps.mbl.edu"	"http://icomm.mbl.edu; http://vamps.mbl.edu"	"http://icomm.mbl.edu; http://vamps.mbl.edu"	"http://icomm.mbl.edu; http://vamps.mbl.edu"	"http://icomm.mbl.edu; http://vamps.mbl.edu"	"http://icomm.mbl.edu; http://vamps.mbl.edu"	"http://icomm.mbl.edu; http://vamps.mbl.edu"	"http://icomm.mbl.edu; http://vamps.mbl.edu"	"http://icomm.mbl.edu; http://vamps.mbl.edu"	"http://icomm.mbl.edu; http://vamps.mbl.edu"	"http://icomm.mbl.edu; http://vamps.mbl.edu"	"http://icomm.mbl.edu; http://vamps.mbl.edu"	"http://icomm.mbl.edu; http://vamps.mbl.edu"	"http://icomm.mbl.edu; http://vamps.mbl.edu"	"http://icomm.mbl.edu; http://vamps.mbl.edu"	"http://icomm.mbl.edu; http://vamps.mbl.edu"	"http://icomm.mbl.edu; http://vamps.mbl.edu"	"http://icomm.mbl.edu; http://vamps.mbl.edu"	"http://icomm.mbl.edu; http://vamps.mbl.edu"	"http://icomm.mbl.edu; http://vamps.mbl.edu"	"http://icomm.mbl.edu; http://vamps.mbl.edu"	"http://icomm.mbl.edu; http://vamps.mbl.edu"	"http://icomm.mbl.edu; http://vamps.mbl.edu"	"http://icomm.mbl.edu; http://vamps.mbl.edu"	"http://icomm.mbl.edu; http://vamps.mbl.edu"	"http://icomm.mbl.edu; http://vamps.mbl.edu"	"http://icomm.mbl.edu; http://vamps.mbl.edu"	"http://icomm.mbl.edu; http://vamps.mbl.edu"	"http://icomm.mbl.edu; http://vamps.mbl.edu"	"http://icomm.mbl.edu; http://vamps.mbl.edu"	"http://icomm.mbl.edu; http://vamps.mbl.edu"	"http://icomm.mbl.edu; http://vamps.mbl.edu"	"http://icomm.mbl.edu; http://vamps.mbl.edu"	"http://icomm.mbl.edu; http://vamps.mbl.edu"	"http://icomm.mbl.edu; http://vamps.mbl.edu"	"http://icomm.mbl.edu; http://vamps.mbl.edu"	"http://icomm.mbl.edu; http://vamps.mbl.edu"	"http://icomm.mbl.edu; http://vamps.mbl.edu"	"http://icomm.mbl.edu; http://vamps.mbl.edu"	"http://icomm.mbl.edu; http://vamps.mbl.edu"	"http://icomm.mbl.edu; http://vamps.mbl.edu"	"http://icomm.mbl.edu; http://vamps.mbl.edu"	"http://icomm.mbl.edu; http://vamps.mbl.edu"	"http://icomm.mbl.edu; http://vamps.mbl.edu"	"http://icomm.mbl.edu; http://vamps.mbl.edu"	"http://icomm.mbl.edu; http://vamps.mbl.edu"	"http://icomm.mbl.edu; http://vamps.mbl.edu"	"http://icomm.mbl.edu; http://vamps.mbl.edu"	"http://icomm.mbl.edu; http://vamps.mbl.edu"	"http://icomm.mbl.edu; http://vamps.mbl.edu"	"http://icomm.mbl.edu; http://vamps.mbl.edu"	"http://icomm.mbl.edu; http://vamps.mbl.edu"	"http://icomm.mbl.edu; http://vamps.mbl.edu"	"http://icomm.mbl.edu; http://vamps.mbl.edu"	"http://icomm.mbl.edu; http://vamps.mbl.edu"	"http://icomm.mbl.edu; http://vamps.mbl.edu"	"http://icomm.mbl.edu; http://vamps.mbl.edu"	"http://icomm.mbl.edu; http://vamps.mbl.edu"	"http://icomm.mbl.edu; http://vamps.mbl.edu"	"http://icomm.mbl.edu; http://vamps.mbl.edu"	"http://icomm.mbl.edu; http://vamps.mbl.edu"	"http://icomm.mbl.edu; http://vamps.mbl.edu"	"http://icomm.mbl.edu; http://vamps.mbl.edu"	"http://icomm.mbl.edu; http://vamps.mbl.edu"	"http://icomm.mbl.edu; http://vamps.mbl.edu"	"http://icomm.mbl.edu; http://vamps.mbl.edu"	"http://icomm.mbl.edu; http://vamps.mbl.edu"	"http://icomm.mbl.edu; http://vamps.mbl.edu"	"http://icomm.mbl.edu; http://vamps.mbl.edu"	"http://icomm.mbl.edu; http://vamps.mbl.edu"	"http://icomm.mbl.edu; http://vamps.mbl.edu"	"http://icomm.mbl.edu; http://vamps.mbl.edu"
