#SampleID	BarcodeSequence	LinkerPrimerSequence	Description
L1S8	AGCTGACTAGTC	GTGCCAGCMGCCGCGGTAA	1_Fece_10_28_2008
L1S140	ATGGCAGCTCTA	GTGCCAGCMGCCGCGGTAA	2_Fece_10_28_2008
L1S57	ACACACTATGGC	GTGCCAGCMGCCGCGGTAA	1_Fece_1_20_2009
L1S208	CTGAGATACGCG	GTGCCAGCMGCCGCGGTAA	2_Fece_1_20_2009
L1S76	ACTACGTGTGGT	GTGCCAGCMGCCGCGGTAA	1_Fece_2_17_2009
L1S105	AGTGCGATGCGT	GTGCCAGCMGCCGCGGTAA	1_Fece_3_17_2009
L1S257	CCGACTGAGATG	GTGCCAGCMGCCGCGGTAA	2_Fece_3_17_2009
L1S281	CCTCTCGTGATC	GTGCCAGCMGCCGCGGTAA	2_Fece_4_14_2009
L2S240	CATATCGCAGTT	GTGCCAGCMGCCGCGGTAA	2_L_Palm_10_28_2008
L2S155	ACGATGCGACCA	GTGCCAGCMGCCGCGGTAA	1_L_Palm_1_20_2009
L2S309	CGTGCATTATCA	GTGCCAGCMGCCGCGGTAA	2_L_Palm_1_20_2009
L2S175	AGCTATCCACGA	GTGCCAGCMGCCGCGGTAA	1_L_Palm_2_17_2009
L2S204	ATGCAGCTCAGT	GTGCCAGCMGCCGCGGTAA	1_L_Palm_3_17_2009
L2S357	CTAACGCAGTCA	GTGCCAGCMGCCGCGGTAA	2_L_Palm_3_17_2009
L2S222	CACGTGACATGT	GTGCCAGCMGCCGCGGTAA	1_L_Palm_4_14_2009
L2S382	CTCAATGACTCA	GTGCCAGCMGCCGCGGTAA	2_L_Palm_4_14_2009
L3S242	ACAGTTGCGCGA	GTGCCAGCMGCCGCGGTAA	1_R_Palm_10_28_2008
L3S378	ATCGATCTGTGG	GTGCCAGCMGCCGCGGTAA	2_R_Palm_10_28_2008
L3S294	CACGACAGGCTA	GTGCCAGCMGCCGCGGTAA	1_R_Palm_1_20_2009
L4S63	CTCGTGGAGTAG	GTGCCAGCMGCCGCGGTAA	2_R_Palm_1_20_2009
L3S313	AGTGTCACGGTG	GTGCCAGCMGCCGCGGTAA	1_R_Palm_2_17_2009
L3S341	CAAGTGAGAGAG	GTGCCAGCMGCCGCGGTAA	1_R_Palm_3_17_2009
L4S112	GCGTTACACACA	GTGCCAGCMGCCGCGGTAA	2_R_Palm_3_17_2009
L3S360	CATCGTATCAAC	GTGCCAGCMGCCGCGGTAA	1_R_Palm_4_14_2009
L4S137	GAACTGTATCTC	GTGCCAGCMGCCGCGGTAA	2_R_Palm_4_14_2009
L5S104	CAGTGTCAGGAC	GTGCCAGCMGCCGCGGTAA	1_Tong_10_28_2008
L5S240	CTGGACTCATAG	GTGCCAGCMGCCGCGGTAA	2_Tong_10_28_2008
L5S155	ATCTTAGACTGC	GTGCCAGCMGCCGCGGTAA	1_Tong_1_20_2009
L6S20	GAGGCTCATCAT	GTGCCAGCMGCCGCGGTAA	2_Tong_1_20_2009
L5S174	CAGACATTGCGT	GTGCCAGCMGCCGCGGTAA	1_Tong_2_17_2009
L5S203	CGATGCACCAGA	GTGCCAGCMGCCGCGGTAA	1_Tong_3_17_2009
L6S68	GATACGTCCTGA	GTGCCAGCMGCCGCGGTAA	2_Tong_3_17_2009
L5S222	CTAGAGACTCTT	GTGCCAGCMGCCGCGGTAA	1_Tong_4_14_2009
L6S93	GATTAGCACTCT	GTGCCAGCMGCCGCGGTAA	2_Tong_4_14_2009
